V1,V10,CITY_reside_he,CITY_reside_en,i.user3,i.user3,,CITY_reside_ipanel_he,CITY_reside_ipanel_en
R_SGLHd9Te54MFbjz,1,ראשון לציון,RISHON LEZION,,,ראשון לציון,ראשון לציון,
R_wT94OpBnu2Bn1kJ,1,נתניה,NATANIA,,,נתניה,נתניה,
R_wLQAhh94vbKNObT,1,פתח תקווה,PETACH TIKVA,,,פתח תקווה,פתח תקווה,
R_2VfQCbkSZ4dD0W4,1,ראשון לציון,RISHON LEZION,,,ראשון לציון,ראשון לציון,
R_x0mQ7nfrnazvi3D,1,פתח תקווה,PETACH TIKVA,,,פתח תקווה,פתח תקווה,
R_3IyYhd5FLQCR9It,1,ראשון לציון,RISHON LEZION,,,ראשון לציון,ראשון לציון,
R_0JvqTzF0cBaorbb,1,ראשון לציון,RISHON LEZION,,,ראשון לציון,ראשון לציון,
R_1riAzpnCPU3B8Gi,1,פתח תקווה,PETACH TIKVA,,,פתח תקווה,פתח תקווה,
R_24IfKFoQVLSSD2f,1,פתח תקווה,PETACH TIKVA,,,פתח תקווה,פתח תקווה,
R_2ZW6PtodrfpsTPX,1,פתח תקווה,PETACH TIKVA,,,פתח תקווה,פתח תקווה,
R_10qP7XOfVe85B2x,1,נתניה,NATANIA,,,נתניה,נתניה,
R_2BeMbO2iBPjTrrX,1,פתח תקווה,PETACH TIKVA,,,פתח תקווה,פתח תקווה,
R_1eKmTpz4qHevV3d,1,פתח תקווה,PETACH TIKVA,,,פתח תקווה,פתח תקווה,
R_2ANpboPpCNo1CDU,1,פתח תקווה,PETACH TIKVA,,,פתח תקווה,פתח תקווה,
R_SZeVaFoj9RNGIAp,1,נתניה,NATANIA,,,נתניה,נתניה,
R_bl40D3L4dIaE70B,1,נתניה,NATANIA,,,נתניה,נתניה,
R_efy2q7rC1Mg1ibT,1,ראשון לציון,RISHON LEZION,,,ראשון לציון,ראשון לציון,
R_3exKPhc7Spph7Zy,1,ראשון לציון,RISHON LEZION,,,ראשון לציון,ראשון לציון,
R_ZgTrWAT6HJj08Jb,1,פתח תקווה,PETACH TIKVA,,,פתח תקווה,פתח תקווה,
R_1j9wY72gOQVnMWD,1,פתח תקווה,PETACH TIKVA,,,פתח תקווה,פתח תקווה,
R_2SdmmdEPwrRkQhK,1,ראשון לציון,RISHON LEZION,,,ראשון לציון,ראשון לציון,
R_2XcZ61n5YmBzix1,1,נתניה,NATANIA,,,נתניה,נתניה,
R_1dboNOazOHFzzvW,1,נתניה,NATANIA,,,נתניה,נתניה,
R_SViiCreBpuMaF4l,1,פתח תקווה,PETACH TIKVA,,,פתח תקווה,פתח תקווה,
R_31ab3MVhN6vS0H0,1,פתח תקווה,PETACH TIKVA,,,פתח תקווה,פתח תקווה,
R_1kIfRuS9350Mm7t,1,פתח תקווה,PETACH TIKVA,,,פתח תקווה,פתח תקווה,
R_3iVziJcsLE9EZJz,1,ראשון לציון,RISHON LEZION,,,ראשון לציון,ראשון לציון,
R_2wMiewMysuR9Hg0,1,פתח תקווה,PETACH TIKVA,,,פתח תקווה,פתח תקווה,
R_qU75NFv8RwDvXrP,1,פתח תקווה,PETACH TIKVA,,,פתח תקווה,פתח תקווה,
R_1jK6nLWhKXQtAIn,1,פתח תקווה,PETACH TIKVA,,,פתח תקווה,פתח תקווה,
R_3KuYKaZue9gAiqV,1,ראשון לציון,RISHON LEZION,,,ראשון לציון,ראשון לציון,
R_Df6kbYpnrfLf0v7,1,נתניה,NATANIA,,,נתניה,נתניה,
R_2E60Dlyp5WqLAAS,1,חיפה,HAIFA,,,חיפה,חיפה,
R_x5cAqjiMP7dEVoZ,1,ראשון לציון,RISHON LEZION,,,ראשון לציון,ראשון לציון,
R_pN26OqO0D1g56fL,1,נתניה,NATANIA,,,נתניה,נתניה,
R_UFTmUGC4Kz8yQNz,1,נתניה,NATANIA,,,נתניה,נתניה,
R_3fORA2c46A88iUD,1,פתח תקווה,PETACH TIKVA,,,פתח תקווה,פתח תקווה,
R_1NaEIWasnAbtLFO,1,נתניה,NATANIA,,,נתניה,נתניה,
R_3dLAGWA5yJaYpXu,1,פתח תקווה,PETACH TIKVA,,,פתח תקווה,פתח תקווה,
R_2Yly0sEe5qzfuDO,1,ראשון לציון,RISHON LEZION,,,ראשון לציון,ראשון לציון,
R_2vjqklDDJ3r1cb2,1,פתח תקווה,PETACH TIKVA,,,פתח תקווה,פתח תקווה,
R_23gxSuQrecvrwae,1,נתניה,NATANIA,,,נתניה,נתניה,
R_1rcE7MUg6Kmnrzi,1,פתח תקווה,PETACH TIKVA,,,פתח תקווה,פתח תקווה,
R_3CNkYMafVYCNSub,1,ראשון לציון,RISHON LEZION,,,ראשון לציון,ראשון לציון,
R_27CgXf3Y99rd53O,1,פתח תקווה,PETACH TIKVA,,,פתח תקווה,פתח תקווה,
R_1GVvJQOvMlivq4x,1,פתח תקווה,PETACH TIKVA,,,פתח תקווה,פתח תקווה,
R_WdR10dxFVpCo8oN,1,ראשון לציון,RISHON LEZION,,,ראשון לציון,ראשון לציון,
R_2w5Idd06sw70gm1,1,ראשון לציון,RISHON LEZION,,,ראשון לציון,ראשון לציון,
R_3nkoLmi8VjKWo5R,1,חיפה,HAIFA,,,חיפה,חיפה,
R_rk9rXKmKpbDhcyJ,1,חיפה,HAIFA,,,חיפה,חיפה,
R_2ZWY7uD59QX7xZZ,1,ראשון לציון,RISHON LEZION,,,ראשון לציון,ראשון לציון,
R_2B8P1gsD5ebPRpZ,1,ראשון לציון,RISHON LEZION,,,ראשון לציון,ראשון לציון,
R_djm15g27fh2Zsvn,1,ראשון לציון,RISHON LEZION,,,ראשון לציון,ראשון לציון,
R_UrRZqwVW1eF1cSl,1,פתח תקווה,PETACH TIKVA,,,פתח תקווה,פתח תקווה,
R_3CPLgk6weW05llg,1,פתח תקווה,PETACH TIKVA,,,פתח תקווה,פתח תקווה,
R_2AZ1YBk4jpIN0kb,1,קרית ביאליק,QIRYAT BIALIK,,,קריית ים,קריית ים,
R_12bww4QahRhuipF,1,פתח תקווה,PETACH TIKVA,,,פתח תקווה,פתח תקווה,
R_p6rOqpsO6crq3ip,1,פתח תקווה,PETACH TIKVA,,,פתח תקווה,פתח תקווה,
R_0UJVmTsmJ7VU4FP,1,פתח תקווה,PETACH TIKVA,,,פתח תקווה,פתח תקווה,
R_bykNjcn8tMOFDI5,1,פתח תקווה,PETACH TIKVA,,,פתח תקווה,פתח תקווה,
R_3j0DycfkGV8kf7O,1,ראשון לציון,RISHON LEZION,,,ראשון לציון,ראשון לציון,
R_2710OcTLWgCk8cA,1,קרית ים,QIRYAT YAM,,,קריית ים,קריית ים,
R_33pDzhlyY0oJbRt,1,קרית מוצקין,QIRYAT MOZKIN,,,קריית מוצקין,קריית מוצקין,
R_2tajG3AAi0WHjdK,1,קרית אתא,QIRYAT ATA,,,קריית אתא,קריית אתא,
R_1N3UVISWLmfT0dj,1,חיפה,HAIFA,,,חיפה,חיפה,
R_2s5tXpE67btnwUX,1,חיפה,HAIFA,,,חיפה,חיפה,
R_6FKeGGmH47dSX73,1,חיפה,HAIFA,,,חיפה,חיפה,
R_2RakO1qWEOYHXXr,1,נתניה,NATANIA,,,נתניה,נתניה,
R_2obURIOVtUvmd4R,1,חיפה,HAIFA,,,חיפה,חיפה,
R_1cSWDbGvi8VfXBA,1,נתניה,NATANIA,,,נתניה,נתניה,
R_3iXd6zhvQp3UH59,1,ראשון לציון,RISHON LEZION,,,ראשון לציון,ראשון לציון,
R_2ZCV6IF7YKwqd2Q,1,פתח תקווה,PETACH TIKVA,,,פתח תקווה,פתח תקווה,
R_216NqpUkOvxkx7X,1,נתניה,NATANIA,,,נתניה,נתניה,
R_2zOy3nm2rS8N5Gw,1,קרית מוצקין,QIRYAT MOZKIN,,,קריית מוצקין,קריית מוצקין,
R_Bs1pCFCPJFLrTwd,1,נתניה,NATANIA,,,נתניה,נתניה,
R_brBK1b1B7YayFTr,1,נתניה,NATANIA,,,נתניה,נתניה,
R_2QyuY7JHPt1Td5n,1,קרית ביאליק,QIRYAT BIALIK,,,קריית ביאליק,קריית ביאליק,
R_1eVk41PVWhPMcEW,1,קרית מוצקין,QIRYAT MOZKIN,,,קריית מוצקין,קריית מוצקין,
R_3RgcbS2XjjIWpkH,1,חיפה,HAIFA,,,חיפה,חיפה,
R_3fr6kl8bCkHRzgp,1,חיפה,HAIFA,,,חיפה,חיפה,
R_217DthMwIW0btDi,1,נתניה,NATANIA,,,נתניה,נתניה,
R_6tBYiaFQIGuvpKN,1,ראשון לציון,RISHON LEZION,,,ראשון לציון,ראשון לציון,
R_1IHuHkYwkYiQ996,1,חיפה,HAIFA,,,חיפה,חיפה,
R_1jPdcEURz4otmXZ,1,פתח תקווה,PETACH TIKVA,,,פתח תקווה,פתח תקווה,
R_3fjkzhYSbDzRBGM,1,נתניה,NATANIA,,,נתניה,נתניה,
R_AnRSkOUGcihBM89,1,קרית מוצקין,QIRYAT MOZKIN,,,קריית מוצקין,קריית מוצקין,
R_1NDfgaG0NgqVOIy,1,נשר,NESHER,,,נשר,נשר,
R_1DnAH6wF0PGosio,1,פתח תקווה,PETACH TIKVA,,,פתח תקווה,פתח תקווה,
R_2uTCzI34ViMeeBd,1,נתניה,NATANIA,,,נתניה,נתניה,
R_xi62tk9lAD5Icvv,1,פתח תקווה,PETACH TIKVA,,,פתח תקווה,פתח תקווה,
R_1LUbsqVFEhw7tTU,1,קרית אתא,QIRYAT ATA,,,קריית אתא,קריית אתא,
R_2PCnnTNQk9IKQoc,1,פתח תקווה,PETACH TIKVA,,,פתח תקווה,פתח תקווה,
R_2Wxx5GLdLni8l26,1,קרית אתא,QIRYAT ATA,,,קריית אתא,קריית אתא,
R_24P3WQiWJVJsUqs,1,חיפה,HAIFA,,,חיפה,חיפה,
R_1EgLoZwmGxORE6p,1,קרית מוצקין,QIRYAT MOZKIN,,,קריית מוצקין,קריית מוצקין,
R_b8hcUwRTSDkEjVD,1,חיפה,HAIFA,,,חיפה,חיפה,
R_1IS4p5yGSJGEvry,1,חיפה,HAIFA,,,חיפה,חיפה,
R_3e4DVFc3jTh0cGF,1,קרית ביאליק,QIRYAT BIALIK,,,קריית ביאליק,קריית ביאליק,
R_2eQYuKUcPdRPFRm,1,נתניה,NATANIA,,,נתניה,נתניה,
R_1PZwU8XQ3xZPaYa,1,חיפה,HAIFA,,,חיפה,חיפה,
R_RK7LOqzpt7FPduh,1,נשר,NESHER,,,נשר,נשר,
R_sRIDpqSdzcsxkaJ,1,ראשון לציון,RISHON LEZION,,,ראשון לציון,ראשון לציון,
R_zbYzkbOT9VcRfH3,1,ראשון לציון,RISHON LEZION,,,ראשון לציון,ראשון לציון,
R_2YadLNG9bk1FED8,1,ראשון לציון,RISHON LEZION,,,ראשון לציון,ראשון לציון,
R_0DpOwKM7dMP5dqp,1,נתניה,NATANIA,,,נתניה,נתניה,
R_1DP5KHwN6DnhYqc,1,קרית אתא,QIRYAT ATA,,,קריית אתא,קריית אתא,
R_3sogdMpXjBSKWh4,1,ראשון לציון,RISHON LEZION,,,ראשון לציון,ראשון לציון,
R_2uPyzEX1OPEZT2a,1,חיפה,HAIFA,,,חיפה,חיפה,
R_2dtHvOcaENfwjqO,1,ראשון לציון,RISHON LEZION,,,ראשון לציון,ראשון לציון,
R_3qsuu4z56GrMAfc,1,ראשון לציון,RISHON LEZION,,,ראשון לציון,ראשון לציון,
R_27WMFg6135pqMBx,1,נשר,NESHER,,,נשר,נשר,
R_1CJFHZCJjpmVjj4,1,חיפה,HAIFA,,,חיפה,חיפה,
R_bvhJcEn15JtO4AV,1,ראשון לציון,RISHON LEZION,,,ראשון לציון,ראשון לציון,
R_3Jw8zoSGGNZ6LLF,1,קרית ביאליק,QIRYAT BIALIK,,,קריית ביאליק,קריית ביאליק,
R_1o7Gf6UU8roOnAn,1,ראשון לציון,RISHON LEZION,,,ראשון לציון,ראשון לציון,
R_3isAHoWkwiPyH7i,1,חיפה,HAIFA,,,חיפה,חיפה,
R_bC4mnnpr3E3IN6p,1,קרית חיים,QIRYAT HAIM,,,חיפה,חיפה,
R_1nYG2IQ9vRjQpS2,1,פתח תקווה,PETACH TIKVA,,,פתח תקווה,פתח תקווה,
R_12SHmElqpacwjQn,1,קרית חיים,QIRYAT HAIM,,,חיפה,חיפה,
R_1DveJ2mKslw6ya2,1,פתח תקווה,PETACH TIKVA,,,פתח תקווה,פתח תקווה,
R_3rMmpjRsspq1NNk,1,קרית ים,QIRYAT YAM,,,קריית ים,קריית ים,
R_UthnbsjIHWGTQFX,1,קרית ביאליק,QIRYAT BIALIK,,,קריית ביאליק,קריית ביאליק,
R_2rMGW3p0e55njzG,1,נשר,NESHER,,,נשר,נשר,
R_2zLRnZ0k09xnWQQ,1,חיפה,HAIFA,,,חיפה,חיפה,
R_2ziPgh9mdWysXUf,1,חיפה,HAIFA,,,חיפה,חיפה,
R_w7R3EMDP54VUp7X,1,חיפה,HAIFA,,,חיפה,חיפה,
R_2xSkq5DPQZtSzW2,1,קרית מוצקין,QIRYAT MOZKIN,,,קריית מוצקין,קריית מוצקין,
R_2DMkN553Zn9UGWK,1,ראשון לציון,RISHON LEZION,,,ראשון לציון,ראשון לציון,
R_3nVD9f2JyMUvWE6,1,פתח תקווה,PETACH TIKVA,,,פתח תקווה,פתח תקווה,
R_29i8dD7gJFpBH1U,1,פתח תקווה,PETACH TIKVA,,,פתח תקווה,פתח תקווה,
R_1rHqK3LnPIG8MyH,1,נשר,NESHER,,,נשר,נשר,
R_bCaW6TGMsKKdsWJ,1,פתח תקווה,PETACH TIKVA,,,פתח תקווה,פתח תקווה,
R_3mgA8ZI9TK6iLV2,1,חיפה,HAIFA,,,חיפה,חיפה,
R_dhtinQ3zC2QVMTn,1,פתח תקווה,PETACH TIKVA,,,פתח תקווה,פתח תקווה,
R_3dFlhTLuBeHrl9r,1,חיפה,HAIFA,,,חיפה,חיפה,
R_OIkeUOAZHKFaqhr,1,חיפה,HAIFA,,,חיפה,חיפה,
R_pM2lIN9uRczdzu9,1,פתח תקווה,PETACH TIKVA,,,פתח תקווה,פתח תקווה,
R_1JQTAJuS4J7arsE,1,פתח תקווה,PETACH TIKVA,,,פתח תקווה,פתח תקווה,
R_332xulmzj1NUqYO,1,חיפה,HAIFA,,,חיפה,חיפה,
R_2QRR7RgvrR02kVd,1,ראשון לציון,RISHON LEZION,,,ראשון לציון,ראשון לציון,
R_1dnvD36OhVfsNJ2,1,ראשון לציון,RISHON LEZION,,,ראשון לציון,ראשון לציון,
R_NVaKsNuy5BCDi5r,1,קרית ביאליק,QIRYAT BIALIK,,,קריית ביאליק,קריית ביאליק,
R_1g7Jqgcodowucg0,1,חיפה,HAIFA,,,חיפה,חיפה,
R_2WZLjN2qHdgxkeN,1,נתניה,NATANIA,,,נתניה,נתניה,
R_XhMclajSOoS4BkR,1,פתח תקווה,PETACH TIKVA,,,פתח תקווה,פתח תקווה,
R_6mKkbgUCsoas3LP,1,ראשון לציון,RISHON LEZION,,,ראשון לציון,ראשון לציון,
R_1IsZVdXNrzyXmwV,1,חיפה,HAIFA,,,חיפה,חיפה,
R_6sMFKPXBP2R4Pmh,1,קרית אתא,QIRYAT ATA,,,קריית אתא,קריית אתא,
R_3CI7o8fgLed28CY,1,קרית אתא,QIRYAT ATA,,,קריית אתא,קריית אתא,
R_3MFoQk3nLsS44Oj,1,חיפה,HAIFA,,,חיפה,חיפה,
R_3fio2k7QLqU83wD,1,נתניה,NATANIA,,,נתניה,נתניה,
R_2VEg12FXZAMeg7G,1,קרית ביאליק,QIRYAT BIALIK,,,קריית ביאליק,קריית ביאליק,
R_2ClGm7SkWzCmxQW,1,פתח תקווה,PETACH TIKVA,,,פתח תקווה,פתח תקווה,
R_abpqDP9ZZsLePbH,1,חיפה,HAIFA,,,חיפה,חיפה,
R_3psR2y9UScNsmqg,1,פתח תקווה,PETACH TIKVA,,,פתח תקווה,פתח תקווה,
R_3NONCzVNjZcAo4P,1,חיפה,HAIFA,,,חיפה,חיפה,
R_1JQra7ILodwepIK,1,פתח תקווה,PETACH TIKVA,,,פתח תקווה,פתח תקווה,
R_bJIpIADFckoLBnP,1,ראשון לציון,RISHON LEZION,,,ראשון לציון,ראשון לציון,
R_R8CsNJ9Ovd01zQB,1,ראשון לציון,RISHON LEZION,,,ראשון לציון,ראשון לציון,
R_27fYZIiCSsDCB9R,1,קרית ביאליק,QIRYAT BIALIK,,,קריית ביאליק,קריית ביאליק,
R_1gdL28qh9tAXSIm,1,חיפה,HAIFA,,,חיפה,חיפה,
R_O7rC4LMu5zrZ1vP,1,ראשון לציון,RISHON LEZION,,,ראשון לציון,ראשון לציון,
R_1GJkxjg8ZVGws6f,1,קרית ביאליק,QIRYAT BIALIK,,,קריית ביאליק,קריית ביאליק,
R_2V7q57reeBPJ2R3,1,קרית ביאליק,QIRYAT BIALIK,,,קריית ביאליק,קריית ביאליק,
R_wTrUq4dMeDOOiNb,1,קרית ים,QIRYAT YAM,,,קריית ים,קריית ים,
R_78U7A8b0iapP08V,1,חיפה,HAIFA,,,קריית ביאליק,קריית ביאליק,
R_spdPiI6sJPusXn3,1,פתח תקווה,PETACH TIKVA,,,פתח תקווה,פתח תקווה,
R_1KpXf0JWcSZSNHJ,1,חיפה,HAIFA,,,חיפה,חיפה,
R_DMMjqcTlfEn4tm9,1,קרית ים,QIRYAT YAM,,,קריית ים,קריית ים,
R_270WpvEKz2zKZ4j,1,פתח תקווה,PETACH TIKVA,,,פתח תקווה,פתח תקווה,
R_1qZYXJqsrnv73tx,1,חיפה,HAIFA,,,חיפה,חיפה,
R_2pM4tVDuzH5Pqzb,1,נתניה,NATANIA,,,נתניה,נתניה,
R_2ZPU5Sjfq42HXhe,1,קרית מוצקין,QIRYAT MOZKIN,,,קריית מוצקין,קריית מוצקין,
R_2dDPgYMwI9f0qCd,1,פתח תקווה,PETACH TIKVA,,,פתח תקווה,פתח תקווה,
R_1JCpJxFFcvOZyew,1,פתח תקווה,PETACH TIKVA,,,פתח תקווה,פתח תקווה,
R_1Cqp92f9RqgU2FK,1,קרית ביאליק,QIRYAT BIALIK,,,קריית ביאליק,קריית ביאליק,
R_3OlF0mMEee7hq9P,1,חיפה,HAIFA,,,חיפה,חיפה,
R_1hy6jyiYHMYFm21,1,ראשון לציון,RISHON LEZION,,,ראשון לציון,ראשון לציון,
R_2dvduVlUnQpw2SG,1,חיפה,HAIFA,,,חיפה,חיפה,
R_3QQ3W9qbS9Z0CqL,1,קרית ביאליק,QIRYAT BIALIK,,,קריית ביאליק,קריית ביאליק,
R_2S1vKdvFaeZfEG4,1,פתח תקווה,PETACH TIKVA,,,פתח תקווה,פתח תקווה,
R_3NRrEkCY9PCaYIX,1,ראשון לציון,RISHON LEZION,,,ראשון לציון,ראשון לציון,
R_27v99lvt7V679kk,1,קרית ביאליק,QIRYAT BIALIK,,,קריית ביאליק,קריית ביאליק,
R_3P6m9RnwGj5ZhXN,1,חיפה,HAIFA,,,חיפה,חיפה,
R_24i1MeIrK25qPkh,1,פתח תקווה,PETACH TIKVA,,,פתח תקווה,פתח תקווה,
R_1EQmcTTYjzGf1MR,1,פתח תקווה,PETACH TIKVA,,,פתח תקווה,פתח תקווה,
R_1LAl5RkUeyFUlv6,1,קרית אתא,QIRYAT ATA,,,קריית אתא,קריית אתא,
R_z0GU4T2CpxmhI77,1,קרית ביאליק,QIRYAT BIALIK,,,קריית ביאליק,קריית ביאליק,
R_3hAugSQyb1EU5vn,1,פתח תקווה,PETACH TIKVA,,,פתח תקווה,פתח תקווה,
R_3MSdJtobr9t8HTK,1,נתניה,NATANIA,,,נתניה,נתניה,
R_1FIzBVLyR0PXYrc,1,פתח תקווה,PETACH TIKVA,,,פתח תקווה,פתח תקווה,
R_3m3jI8zIsb8VVSx,1,חיפה,HAIFA,,,חיפה,חיפה,
R_21HDstmOvuqzr4h,1,ראשון לציון,RISHON LEZION,,,ראשון לציון,ראשון לציון,
R_10BI0qsTktxJJHt,1,ראשון לציון,RISHON LEZION,,,ראשון לציון,ראשון לציון,
R_3KNQo3zJe2jZA6H,1,נתניה,NATANIA,,,נתניה,נתניה,
R_0k1mB0yU1vtO9DH,1,פתח תקווה,PETACH TIKVA,,,פתח תקווה,פתח תקווה,
R_323zfvI0AN9X5av,1,ראשון לציון,RISHON LEZION,,,ראשון לציון,ראשון לציון,
R_124pEtLD6Trkps4,1,פתח תקווה,PETACH TIKVA,,,פתח תקווה,פתח תקווה,
R_Oga4CmbgQs276EN,1,פתח תקווה,PETACH TIKVA,,,פתח תקווה,פתח תקווה,
R_pKvLpFUadcg0mu5,1,חיפה,HAIFA,,,חיפה,חיפה,
R_3iJ2ZliEmEI6FDh,1,קרית מוצקין,QIRYAT MOZKIN,,,נשר,נשר,
R_uvRIHlifSd2ENXj,1,קרית אתא,QIRYAT ATA,,,קריית אתא,קריית אתא,
R_2YCWPwakGZ6uDIT,1,פתח תקווה,PETACH TIKVA,,,פתח תקווה,פתח תקווה,
R_3NRmT0AXcDEbnZr,1,ראשון לציון,RISHON LEZION,,,ראשון לציון,ראשון לציון,
R_1mQxzpIA96YN8h7,1,ראשון לציון,RISHON LEZION,,,ראשון לציון,ראשון לציון,
R_11d0ZLhW5MQ0Noz,1,חיפה,HAIFA,,,חיפה,חיפה,
R_1Oku12NU9WOsvf2,1,ראשון לציון,RISHON LEZION,,,ראשון לציון,ראשון לציון,
R_2azYxOsYQNztbck,1,קרית ביאליק,QIRYAT BIALIK,,,קריית ביאליק,קריית ביאליק,
R_1CHptkXztVrv24x,1,קרית אתא,QIRYAT ATA,,,קריית אתא,קריית אתא,
R_1BRXUfq4vcUe8mo,1,חיפה,HAIFA,,,חיפה,חיפה,
R_plN5eqWBNe6DBM5,1,ראשון לציון,RISHON LEZION,,,ראשון לציון,ראשון לציון,
R_3P6QTXSLouobJFN,1,חיפה,HAIFA,,,חיפה,חיפה,
R_2VqZaJ8ZGNr7ie1,1,חיפה,HAIFA,,,חיפה,חיפה,
R_3EMgsFWRSSZz4Ya,1,פתח תקווה,PETACH TIKVA,,,פתח תקווה,פתח תקווה,
R_3hrRF8u6BW0eDJJ,1,פתח תקווה,PETACH TIKVA,,,פתח תקווה,פתח תקווה,
R_9YzaNRtnoZyB1iF,1,קרית אתא,QIRYAT ATA,,,קריית אתא,קריית אתא,
R_WdOdUF0bMsJyPIJ,1,פתח תקווה,PETACH TIKVA,,,פתח תקווה,פתח תקווה,
R_2AS6OL9lamUtYtD,1,קרית ים,QIRYAT YAM,,,קריית ים,קריית ים,
R_1r19ninAgdOExPO,1,חיפה,HAIFA,,,חיפה,חיפה,
R_1MMP9u0hbOZe39N,1,פתח תקווה,PETACH TIKVA,,,פתח תקווה,פתח תקווה,
R_cAPhiBsKUObL2i5,1,חיפה,HAIFA,,,חיפה,חיפה,
R_9pOEHJKQJG34gBr,1,קרית מוצקין,QIRYAT MOZKIN,,,קריית ביאליק,קריית ביאליק,
R_2cemKnZ7hDwNdxF,1,ראשון לציון,RISHON LEZION,,,ראשון לציון,ראשון לציון,
R_1dn6YPSDxqpCOsy,1,נתניה,NATANIA,,,נתניה,נתניה,
R_3hucowz4TSKYbIo,1,חיפה,HAIFA,,,חיפה,חיפה,
R_PAnGgEYoqUr00xP,1,ראשון לציון,RISHON LEZION,,,ראשון לציון,ראשון לציון,
R_3m4Av7b9YwLKLD9,1,נשר,NESHER,,,נשר,נשר,
R_1P5h11GDixhZebr,1,נתניה,NATANIA,,,נתניה,נתניה,
R_9z81HfYtqYy0fLz,1,נתניה,NATANIA,,,נתניה,נתניה,
R_oXhwcoCjnFeCopz,1,נתניה,NATANIA,,,נתניה,נתניה,
R_xyIAQL5PuH6jGq5,1,קרית ביאליק,QIRYAT BIALIK,,,קריית ביאליק,קריית ביאליק,
R_211EkpQX3XenRQd,1,ראשון לציון,RISHON LEZION,,,ראשון לציון,ראשון לציון,
R_2OUv8Ar7DfSVVpb,1,פתח תקווה,PETACH TIKVA,,,פתח תקווה,פתח תקווה,
R_2doPxrZubcViBGC,1,קרית אתא,QIRYAT ATA,,,קריית אתא,קריית אתא,
R_2TNtBtGkAy1aM9j,1,חיפה,HAIFA,,,חיפה,חיפה,
R_3s7APFno3OTzyDa,1,חיפה,HAIFA,,,חיפה,חיפה,
R_2CyzN0EebOzeYIk,1,חיפה,HAIFA,,,חיפה,חיפה,
R_UGb7UGEQ1zoN2qR,1,נתניה,NATANIA,,,נתניה,נתניה,
R_2roNTHo9PBIQtPc,1,ראשון לציון,RISHON LEZION,,,ראשון לציון,ראשון לציון,
R_2vZduBqZ94iNu7k,1,קרית מוצקין,QIRYAT MOZKIN,,,קריית מוצקין,קריית מוצקין,
R_3L522hBtvDWrJ28,1,ראשון לציון,RISHON LEZION,,,ראשון לציון,ראשון לציון,
R_3dE8twl8CygjlXH,1,פתח תקווה,PETACH TIKVA,,,פתח תקווה,פתח תקווה,
R_2wFFsVlaibNXNjK,1,נתניה,NATANIA,,,נתניה,נתניה,
R_1jI1RpYcxDujNqb,1,פתח תקווה,PETACH TIKVA,,,פתח תקווה,פתח תקווה,
R_1kIg2yOB1Rbr38p,1,קרית מוצקין,QIRYAT MOZKIN,,,קריית מוצקין,קריית מוצקין,
R_pLzcd9FoaeS8nlf,1,חיפה,HAIFA,,,חיפה,חיפה,
R_1obWQKjcZ9rAnSn,1,נתניה,NATANIA,,,נתניה,נתניה,
R_3efxbzlazrEHttA,1,חיפה,HAIFA,,,חיפה,חיפה,
R_1DMtZnahOLsycoc,1,חיפה,HAIFA,,,חיפה,חיפה,
R_8k7YKYgBCp5rmrD,1,חיפה,HAIFA,,,חיפה,חיפה,
R_3LgSK73Do24drmR,1,נשר,NESHER,,,נשר,נשר,
R_2tteC34k82o0Nay,1,ראשון לציון,RISHON LEZION,,,ראשון לציון,ראשון לציון,
R_VOvyBLzJ392Y5Vv,1,פתח תקווה,PETACH TIKVA,,,פתח תקווה,פתח תקווה,
R_1EicHBmASTew7sB,1,חיפה,HAIFA,,,חיפה,חיפה,
R_2UVHN0azksZPYCB,1,ראשון לציון,RISHON LEZION,,,ראשון לציון,ראשון לציון,
R_3qU2cBZrREH1VCG,1,חיפה,HAIFA,,,חיפה,חיפה,
R_2E0DCnJuoTKkV2k,1,ראשון לציון,RISHON LEZION,,,ראשון לציון,ראשון לציון,
R_ux1ur95rL9LkZsR,1,פתח תקווה,PETACH TIKVA,,,פתח תקווה,פתח תקווה,
R_bpijAXbeKoUVBHH,1,חיפה,HAIFA,,,חיפה,חיפה,
R_2rIP3sJEuzpZftk,1,נתניה,NATANIA,,,נתניה,נתניה,
R_299VB2Yyvan5bBr,1,קרית חיים,QIRYAT HAIM,,,חיפה,חיפה,
R_ThKlf0meg9JwKJj,1,קרית אתא,QIRYAT ATA,,,קריית אתא,קריית אתא,
R_2QErmPFapoHukeU,1,חיפה,HAIFA,,,חיפה,חיפה,
R_31NlETl4GVUa91Y,1,ראשון לציון,RISHON LEZION,,,ראשון לציון,ראשון לציון,
R_1OlxRmfapqLiDFz,1,חיפה,HAIFA,,,חיפה,חיפה,
R_roG2MjjTeY1YutP,1,ראשון לציון,RISHON LEZION,,,ראשון לציון,ראשון לציון,
R_A56ht23OrJhwFHz,1,ראשון לציון,RISHON LEZION,,,ראשון לציון,ראשון לציון,
R_26mX2KzJjXhXzwt,1,חיפה,HAIFA,,,חיפה,חיפה,
R_2V3ynVwP8eQ7Qug,1,קרית אתא,QIRYAT ATA,,,קריית אתא,קריית אתא,
R_2Xgtb3ekQrrm22I,1,נשר,NESHER,,,נשר,נשר,
R_1JLyf6f6sSxqDky,1,חיפה,HAIFA,,,חיפה,חיפה,
R_3HhNjg6LLLNSRjp,1,ראשון לציון,RISHON LEZION,,,ראשון לציון,ראשון לציון,
R_1jl9eh4GvnN5FI2,1,פתח תקווה,PETACH TIKVA,,,פתח תקווה,פתח תקווה,
R_1mLvO6dyOAjctbM,1,פתח תקווה,PETACH TIKVA,,,פתח תקווה,פתח תקווה,
R_30qML5BB7da5Tp3,1,פתח תקווה,PETACH TIKVA,,,פתח תקווה,פתח תקווה,
R_216f1MsOMV7X8pd,1,קרית אתא,QIRYAT ATA,,,קריית אתא,קריית אתא,
R_31HlOnQuFtErl72,1,פתח תקווה,PETACH TIKVA,,,פתח תקווה,פתח תקווה,
R_3J1TBjLLGU0JrlS,1,ראשון לציון,RISHON LEZION,,,ראשון לציון,ראשון לציון,
R_2zVhAgcwuA3cyXx,1,פתח תקווה,PETACH TIKVA,,,פתח תקווה,פתח תקווה,
R_28ZqA8yignkLE2y,1,פתח תקווה,PETACH TIKVA,,,פתח תקווה,פתח תקווה,
R_24OiybeykDNrS6U,1,נשר,NESHER,,,חיפה,חיפה,
R_2zjMJGtkLruMHdV,1,ראשון לציון,RISHON LEZION,,,ראשון לציון,ראשון לציון,
R_3kIbT5r7RXr24wJ,1,פתח תקווה,PETACH TIKVA,,,פתח תקווה,פתח תקווה,
R_tS5eiJTIW1kZdqF,1,ראשון לציון,RISHON LEZION,,,ראשון לציון,ראשון לציון,
R_1HpXUhAv3W4scFR,1,ראשון לציון,RISHON LEZION,,,ראשון לציון,ראשון לציון,
R_qyzYMCaO4aytFjH,1,פתח תקווה,PETACH TIKVA,,,פתח תקווה,פתח תקווה,
R_2pYPOQWzkVHsI4t,1,פתח תקווה,PETACH TIKVA,,,פתח תקווה,פתח תקווה,
R_1hHhSIN08WssSYm,1,פתח תקווה,PETACH TIKVA,,,פתח תקווה,פתח תקווה,
R_2YQeOY6JRNXFSbF,1,חיפה,HAIFA,,,חיפה,חיפה,
R_1Ck0sQnVL7b8hnl,1,קרית אתא,QIRYAT ATA,,,קריית אתא,קריית אתא,
R_3Kw2CyZviwL9mit,1,ראשון לציון,RISHON LEZION,,,ראשון לציון,ראשון לציון,
R_1dnOzafA0Mbu5By,1,פתח תקווה,PETACH TIKVA,,,פתח תקווה,פתח תקווה,
R_OJxYQc41DJwK7FD,1,חיפה,HAIFA,,,חיפה,חיפה,
R_1qeb4jclWEW7VBT,1,ראשון לציון,RISHON LEZION,,,ראשון לציון,ראשון לציון,
R_3njBrmOfAL0SG6a,1,חיפה,HAIFA,,,חיפה,חיפה,
R_1FKUKUWjiW4li8q,1,קרית ביאליק,QIRYAT BIALIK,,,קריית מוצקין,קריית מוצקין,
R_3kvM7zq8b01zOuE,1,פתח תקווה,PETACH TIKVA,,,פתח תקווה,פתח תקווה,
R_3PNUPkeBF2Yyk8p,1,נתניה,NATANIA,,,נתניה,נתניה,
R_aVNA9GX9sb3KzJf,1,חיפה,HAIFA,,,חיפה,חיפה,
R_3JIyymgrsuhvbQL,1,חיפה,HAIFA,,,חיפה,חיפה,
R_2qfUats36Fdmbvl,1,פתח תקווה,PETACH TIKVA,,,פתח תקווה,פתח תקווה,
R_1FJxApEq1azSZ8B,1,ראשון לציון,RISHON LEZION,,,ראשון לציון,ראשון לציון,
R_VHZE7i1OENHlZPH,1,קרית ביאליק,QIRYAT BIALIK,,,קריית ביאליק,קריית ביאליק,
R_1ieaiRdy1fx5hnW,1,ראשון לציון,RISHON LEZION,,,ראשון לציון,ראשון לציון,
R_33kgVIi9TcKYV7i,1,קרית מוצקין,QIRYAT MOZKIN,,,קריית מוצקין,קריית מוצקין,
R_2949kEo319PpaCl,1,ראשון לציון,RISHON LEZION,,,ראשון לציון,ראשון לציון,
R_V4LKjHIidQ7wxjj,1,קרית ים,QIRYAT YAM,,,קריית ים,קריית ים,
R_6RIxngmPMjIrchb,1,ראשון לציון,RISHON LEZION,,,ראשון לציון,ראשון לציון,
R_3IBMnDZ5WxLmA6Z,1,ראשון לציון,RISHON LEZION,,,ראשון לציון,ראשון לציון,
R_1rBwTdPaHY17M44,1,ראשון לציון,RISHON LEZION,,,ראשון לציון,ראשון לציון,
R_1F2rVQATvHsR8Wz,1,ראשון לציון,RISHON LEZION,,,ראשון לציון,ראשון לציון,
R_2D6PpIGqAfvxfpL,1,קרית אתא,QIRYAT ATA,,,קריית אתא,קריית אתא,
R_3I3TjgbnWe6zq2l,1,חיפה,HAIFA,,,חיפה,חיפה,
R_3RgyxUNFTzAjNRc,1,נתניה,NATANIA,,,נתניה,נתניה,
R_1GNsMsIw3O2mLXf,1,פתח תקווה,PETACH TIKVA,,,פתח תקווה,פתח תקווה,
R_2YzASVepMArzzs0,1,חיפה,HAIFA,,,חיפה,חיפה,
R_2B5uJrb52HMj7hT,1,ראשון לציון,RISHON LEZION,,,ראשון לציון,ראשון לציון,
R_21p8WT90So2IOsB,1,חיפה,HAIFA,,,חיפה,חיפה,
R_3GdLgraHOTzUto0,1,חיפה,HAIFA,,,חיפה,חיפה,
R_1Nanrln8wAZ3xuC,1,פתח תקווה,PETACH TIKVA,,,פתח תקווה,פתח תקווה,
R_OqZhucad50mghix,1,נתניה,NATANIA,,,נתניה,נתניה,
R_2TpBezVEMfHALwY,1,ראשון לציון,RISHON LEZION,,,ראשון לציון,ראשון לציון,
R_1rxiDqFEho2wdmd,1,פתח תקווה,PETACH TIKVA,,,פתח תקווה,פתח תקווה,
R_31hiOUvOIBivaeH,1,ראשון לציון,RISHON LEZION,,,ראשון לציון,ראשון לציון,
R_1Sw2pl7dKUpov0l,1,פתח תקווה,PETACH TIKVA,,,פתח תקווה,פתח תקווה,
R_24OfxrVGfkbQBHq,1,חיפה,HAIFA,,,חיפה,חיפה,
R_3jSTbyaArvKj6BX,1,חיפה,HAIFA,,,חיפה,חיפה,
R_3hzrj0UTh7GXJ4B,1,חיפה,HAIFA,,,חיפה,חיפה,
R_1KexTxMpvUFuqpz,1,פתח תקווה,PETACH TIKVA,,,פתח תקווה,פתח תקווה,
R_u9UOm6N7Ak0PqeJ,1,נשר,NESHER,,,נשר,נשר,
R_575iI5bG5PcHuM1,1,חיפה,HAIFA,,,חיפה,חיפה,
R_1IQbNpHi2K04Xot,1,פתח תקווה,PETACH TIKVA,,,פתח תקווה,פתח תקווה,
R_2uJSg0GvejScP5h,1,חיפה,HAIFA,,,חיפה,חיפה,
R_2vk6OYCYNSchpbm,1,חיפה,HAIFA,,,חיפה,חיפה,
R_1M549YmupjHPuTG,1,ראשון לציון,RISHON LEZION,,,ראשון לציון,ראשון לציון,
R_OJPx4yhkB8maJKV,1,נתניה,NATANIA,,,נתניה,נתניה,
R_1C9gIG4VhSXrL5X,1,פתח תקווה,PETACH TIKVA,,,פתח תקווה,פתח תקווה,
R_3pu6xrKQmr1uo1U,1,ראשון לציון,RISHON LEZION,,,ראשון לציון,ראשון לציון,
R_1EbxO6gVBKJmRlZ,1,אחר (שפלה),OTHER,,,פתח תקווה,פתח תקווה,
R_2RUR2FVau7oyOuQ,1,נתניה,NATANIA,,,נתניה,נתניה,
R_RC6B09DQKiul43v,1,חיפה,HAIFA,,,חיפה,חיפה,
R_3PGCfX2TgsXPVAn,1,קרית מוצקין,QIRYAT MOZKIN,,,קריית מוצקין,קריית מוצקין,
R_1HejRtEzyG4VQd0,1,פתח תקווה,PETACH TIKVA,,,פתח תקווה,פתח תקווה,
R_3hsgBT3ze4mLAVe,1,קרית מוצקין,QIRYAT MOZKIN,,,קריית מוצקין,קריית מוצקין,
R_3pfhqsN3btaXh1I,1,פתח תקווה,PETACH TIKVA,,,פתח תקווה,פתח תקווה,
R_1gAWiG4jdYgQrRz,1,פתח תקווה,PETACH TIKVA,,,פתח תקווה,פתח תקווה,
R_30k6wWVZpQm68zc,1,חיפה,HAIFA,,,חיפה,חיפה,
R_8i6wLJBIIT4DVhT,1,נתניה,NATANIA,,,Yakov Dori 4 Netanya,Yakov Dori 4 Netanya,
R_XoXdsXuZAYksriV,1,קרית אתא,QIRYAT ATA,,,קריית אתא,קריית אתא,
R_2fuDxjtVL5NCb1j,1,פתח תקווה,PETACH TIKVA,,,פתח תקווה,פתח תקווה,
R_1Qgdz7oOQ56VKsh,1,חיפה,HAIFA,,,חיפה,חיפה,
R_3eaZBFNszNCxhuX,1,חיפה,HAIFA,,,חיפה,חיפה,
R_3fjkRpNDxSp2mRl,1,ראשון לציון,RISHON LEZION,,,ראשון לציון,ראשון לציון,
R_vTYreLkWCqP8Y9j,1,קרית חיים,QIRYAT HAIM,,,חיפה,חיפה,
R_2usPrKsyG6jR1Qp,1,חיפה,HAIFA,,,חיפה,חיפה,
R_D5YVNyklNZVE1ot,1,פתח תקווה,PETACH TIKVA,,,פתח תקווה,פתח תקווה,
R_3PTbJvEk0QZQXmd,1,פתח תקווה,PETACH TIKVA,,,פתח תקווה,פתח תקווה,
R_2WZ5YJHCsNKNZ2Y,1,קרית ביאליק,QIRYAT BIALIK,,,קריית ביאליק,קריית ביאליק,
R_2zpdLLXxfKnQbg4,1,נתניה,NATANIA,,,נתניה,נתניה,
R_3Gwe4oix1p60d17,1,ראשון לציון,RISHON LEZION,,,ראשון לציון,ראשון לציון,
R_b3ob5KMy7YNRnqh,1,חיפה,HAIFA,,,חיפה,חיפה,
R_3QEPrcFuaytxeWZ,1,קרית מוצקין,QIRYAT MOZKIN,,,קריית מוצקין,קריית מוצקין,
R_57724IShAPx06Bz,1,חיפה,HAIFA,,,חיפה,חיפה,
R_20P8DlHBdTgjBD2,1,חיפה,HAIFA,,,חיפה,חיפה,
R_3O9zekBM2ZUO4CH,1,קרית מוצקין,QIRYAT MOZKIN,,,קריית מוצקין,קריית מוצקין,
R_1dEbnxmsbiFdQc0,1,קרית מוצקין,QIRYAT MOZKIN,,,"דקר, 9","דקר, 9",
R_D6wfS9niCm3SmfD,1,חיפה,HAIFA,,,חיפה,חיפה,
R_1M0QCIQIujdjONw,1,פתח תקווה,PETACH TIKVA,,,פתח תקווה,פתח תקווה,
R_dj0HVocQx8SGtzz,1,קרית ביאליק,QIRYAT BIALIK,,,קריית מוצקין,קריית מוצקין,
R_2U3ZPFefSa8oXAY,1,קרית ים,QIRYAT YAM,,,קריית ים,קריית ים,
R_1HkubL3CmtLTlDv,1,ראשון לציון,RISHON LEZION,,,ראשון לציון,ראשון לציון,
R_1nTOug6woiYGgAU,1,פתח תקווה,PETACH TIKVA,,,פתח תקווה,פתח תקווה,
R_AM40HJ2Z4XZ0n4t,1,קרית ביאליק,QIRYAT BIALIK,,,חיפה,חיפה,
R_11Zmto6cQV7g6ek,1,קרית ביאליק,QIRYAT BIALIK,,,קריית ביאליק,קריית ביאליק,
R_3Ej6fnZvlTydcaZ,1,פתח תקווה,PETACH TIKVA,,,פתח תקווה,פתח תקווה,
R_29ozJGYzHJNJebC,1,חיפה,HAIFA,,,חיפה,חיפה,
R_3h3aWYgfoTH4GOW,1,קרית ביאליק,QIRYAT BIALIK,,,קריית ביאליק,קריית ביאליק,
R_XtW7QAmRpp0jZ9T,1,פתח תקווה,PETACH TIKVA,,,פתח תקווה,פתח תקווה,
R_2rowmBk6jOB6WRj,1,פתח תקווה,PETACH TIKVA,,,פתח תקווה,פתח תקווה,
R_2sTrEOoC1e3i6HO,1,קרית חיים,QIRYAT HAIM,,,חיפה,חיפה,
R_1hZ1MZRVbz5ujsB,1,חיפה,HAIFA,,,חיפה,חיפה,
R_2wQY7cMHw22SStZ,1,חיפה,HAIFA,,,חיפה,חיפה,
R_3iIn6ITbe4002u8,1,חיפה,HAIFA,,,חיפה,חיפה,
R_2azuC5N4zcoDPdw,1,קרית אתא,QIRYAT ATA,,,קריית אתא,קריית אתא,
R_29iRs2FaoaHN7EM,1,קרית מוצקין,QIRYAT MOZKIN,,,קריית מוצקין,קריית מוצקין,
R_2PcWuEGiGByVIIz,1,חיפה,HAIFA,,,חיפה,חיפה,
R_129A7lFw5kemJ6U,1,חיפה,HAIFA,,,חיפה,חיפה,
R_1P5b4lRZ4AVQAvs,1,קרית ביאליק,QIRYAT BIALIK,,,קריית ביאליק,קריית ביאליק,
R_Uox5K1s7PAyDiXD,1,פתח תקווה,PETACH TIKVA,,,פתח תקווה,פתח תקווה,
R_3GcBDOYekexph0o,1,קרית מוצקין,QIRYAT MOZKIN,,,קריית מוצקין,קריית מוצקין,
R_3maiMNGgwx3py7o,1,פתח תקווה,PETACH TIKVA,,,פתח תקווה,פתח תקווה,
R_qXuts7dvhf43aOl,1,פתח תקווה,PETACH TIKVA,,,פתח תקווה,פתח תקווה,
R_snc0ktKTpvyh5IJ,1,חיפה,HAIFA,,,חיפה,חיפה,
R_2dGUUqXizZhFGY6,1,ראשון לציון,RISHON LEZION,,,ראשון לציון,ראשון לציון,
R_1LBiFMjll7ieyMs,1,קרית ים,QIRYAT YAM,,,קריית ים,קריית ים,
R_30vgMGtAr12SKwy,1,פתח תקווה,PETACH TIKVA,,,פתח תקווה,פתח תקווה,
R_2tsCgGUFUwhv8I1,1,ראשון לציון,RISHON LEZION,,,ראשון לציון,ראשון לציון,
R_1IBjhB7UX0c8vQ4,1,ראשון לציון,RISHON LEZION,,,ראשון לציון,ראשון לציון,
R_2VgpoZNvOZUAwSk,1,נתניה,NATANIA,,,נתניה,נתניה,
R_24iWL1EmGqC6JaX,1,ראשון לציון,RISHON LEZION,,,ראשון לציון,ראשון לציון,
R_1j7i6f2Aa5Jfiap,1,חיפה,HAIFA,,,חיפה,חיפה,
R_3iOVNmOTbaLaSiN,1,חיפה,HAIFA,,,חיפה,חיפה,
R_10Di0RM2yTUreXP,1,פתח תקווה,PETACH TIKVA,,,פתח תקווה,פתח תקווה,
R_3dEvNtpZb94ZVgA,1,פתח תקווה,PETACH TIKVA,,,פתח תקווה,פתח תקווה,
R_OfoUdp4Si7qIrS1,1,אחר (מפרץ חיפה),OTHER (HAIFA BAY),,,קיבוץ בית אורן חיפה חוף הכרמל,קיבוץ בית אורן חיפה חוף הכרמל,
R_1ex7cj8uq9sKRuc,1,חיפה,HAIFA,,,חיפה,חיפה,
R_1CBYvI3dShVyQcL,1,חיפה,HAIFA,,,חיפה,חיפה,
R_bD6MsiQM1Z3uGk1,1,פתח תקווה,PETACH TIKVA,,,פתח תקווה,פתח תקווה,
R_2y9tky7dOOAjA4K,1,קרית אתא,QIRYAT ATA,,,קריית אתא,קריית אתא,
R_1gLUcBpI4AZkjVX,1,קרית ביאליק,QIRYAT BIALIK,,,קריית ביאליק,קריית ביאליק,
R_2q2ZwkWfiUYtIhS,1,קרית ביאליק,QIRYAT BIALIK,,,קריית ביאליק,קריית ביאליק,
R_1gUX5fh3MDsutX0,1,חיפה,HAIFA,,,חיפה,חיפה,
R_2WOVDoBWmJkUpA5,1,חיפה,HAIFA,,,חיפה,חיפה,
R_3MroQNuimPYM925,1,ראשון לציון,RISHON LEZION,,,ראשון לציון,ראשון לציון,
R_1FPUygMXPb2tOH6,1,ראשון לציון,RISHON LEZION,,,ראשון לציון,ראשון לציון,
R_1g6WQquISkgywCn,1,חיפה,HAIFA,,,חיפה,חיפה,
R_10IrrLZvKSu5s4p,1,ראשון לציון,RISHON LEZION,,,ראשון לציון,ראשון לציון,
R_1etnOWKi5GSTN58,1,פתח תקווה,PETACH TIKVA,,,פתח תקווה,פתח תקווה,
R_2TYTsLRwPD15m5r,1,חיפה,HAIFA,,,חיפה,חיפה,
R_3EtxGByDSx0eH17,1,פתח תקווה,PETACH TIKVA,,,פתח תקווה,פתח תקווה,
R_3KHZ5nDyJNxXYiv,1,חיפה,HAIFA,,,חיפה,חיפה,
R_3sbmzuPPTny7FQu,1,נתניה,NATANIA,,,נתניה,נתניה,
R_2VyIed0Tp5pmXbJ,1,קרית מוצקין,QIRYAT MOZKIN,,,קריית מוצקין,קריית מוצקין,
R_2ZIANryz4NPnMhu,1,קרית אתא,QIRYAT ATA,,,קריית אתא,קריית אתא,
R_1doumQeru4yWlFc,1,קרית ביאליק,QIRYAT BIALIK,,,קריית ביאליק,קריית ביאליק,
R_0U0sXfYrZjyOs49,1,נשר,NESHER,,,נשר,נשר,
R_UJYf6DV0QEcTcpr,1,נשר,NESHER,,,נשר,נשר,
R_3FL3sBZG8QbkqfF,1,חיפה,HAIFA,,,חיפה,חיפה,
R_3h4QpbZVvkgmTOu,1,חיפה,HAIFA,,,חיפה,חיפה,
R_eJuin4ZR1TYUpgZ,1,פתח תקווה,PETACH TIKVA,,,פתח תקווה,פתח תקווה,
R_1re9P9jrysOwe8k,1,חיפה,HAIFA,,,נשר,נשר,
R_cSatzRjf3Ea3QEp,1,פתח תקווה,PETACH TIKVA,,,פתח תקווה,פתח תקווה,
R_2PhF95Wepl2uCKm,1,חיפה,HAIFA,,,חיפה,חיפה,
R_ule1WNSfd4FXlS1,1,פתח תקווה,PETACH TIKVA,,,פתח תקווה,פתח תקווה,
R_2CVau2mkTGzHOvF,1,פתח תקווה,PETACH TIKVA,,,פתח תקווה,פתח תקווה,
R_3Rrb8b7EPW6RmZY,1,פתח תקווה,PETACH TIKVA,,,פתח תקווה,פתח תקווה,
R_2vjJgpRHqAlwuu6,1,פתח תקווה,PETACH TIKVA,,,פתח תקווה,פתח תקווה,
R_3enbldTRmveuUsZ,1,פתח תקווה,PETACH TIKVA,,,פתח תקווה,פתח תקווה,
R_3CZuqIvrlqtk0Y7,1,ראשון לציון,RISHON LEZION,,,ראשון לציון,ראשון לציון,
R_xubmRi4Df93k7U5,1,חיפה,HAIFA,,,חיפה,חיפה,
R_1g5XZyjobV1NUFE,1,קרית מוצקין,QIRYAT MOZKIN,,,קריית מוצקין,קריית מוצקין,
R_3iwMpfjyIZVo3IO,1,פתח תקווה,PETACH TIKVA,,,פתח תקווה,פתח תקווה,
R_1DCKxOHLbXEmlNj,1,פתח תקווה,PETACH TIKVA,,,פתח תקווה,פתח תקווה,
R_1nOCgUGJelQFtSl,1,ראשון לציון,RISHON LEZION,,,ראשון לציון,ראשון לציון,
R_0SNw6QJ5d1TxVHb,1,קרית חיים,QIRYAT HAIM,,,חיפה,חיפה,
R_12yBpseCunniMnq,1,קרית מוצקין,QIRYAT MOZKIN,,,קריית מוצקין,קריית מוצקין,
R_2aFtajt1IKFXzTP,1,פתח תקווה,PETACH TIKVA,,,פתח תקווה,פתח תקווה,
R_Z8cHv3rkjhop9AJ,1,קרית מוצקין,QIRYAT MOZKIN,,,קריית מוצקין,קריית מוצקין,
R_xydXLRYjVYLLjGN,1,ראשון לציון,RISHON LEZION,,,ראשון לציון,ראשון לציון,
R_2YKxOmoydAFojbs,1,פתח תקווה,PETACH TIKVA,,,פתח תקווה,פתח תקווה,
R_1puPtLpjoTxvTKI,1,ראשון לציון,RISHON LEZION,,,ראשון לציון,ראשון לציון,
R_3EfM90qeT3Jwomx,1,נשר,NESHER,,,חיפה,חיפה,
R_3rNRYW32sYZTSQu,1,קרית חיים,QIRYAT HAIM,,,חיפה,חיפה,
R_29nzCK2Rmb6DR6u,1,קרית אתא,QIRYAT ATA,,,קריית אתא,קריית אתא,
R_2xWfEDal2Bqtgaw,1,אחר (שפלה),OTHER,,,נתניה,נתניה,
R_x5FzQGR0k07ulr3,1,פתח תקווה,PETACH TIKVA,,,פתח תקווה,פתח תקווה,
R_cYFHn5M7PMcR1sZ,1,קרית אתא,QIRYAT ATA,,,קריית אתא,קריית אתא,
R_R4SzADBiffAZQCB,1,קרית אתא,QIRYAT ATA,,,קריית אתא,קריית אתא,
R_1plfnANT2Bjtuz8,1,קרית אתא,QIRYAT ATA,,,קריית אתא,קריית אתא,
R_1iljD0DNBLrEqoP,1,ראשון לציון,RISHON LEZION,,,ראשון לציון,ראשון לציון,
R_3KpwrNd8aBlBiDy,1,פתח תקווה,PETACH TIKVA,,,פתח תקווה,פתח תקווה,
R_2BaH76xbOb4CUix,1,חיפה,HAIFA,,,חיפה,חיפה,
R_2SfsbFjUchkcYTI,1,קרית ביאליק,QIRYAT BIALIK,,,קריית ביאליק,קריית ביאליק,
R_1CDRUXB0R63lVlZ,1,נשר,NESHER,,,נשר,נשר,
R_1Kfovnm6mpkmU6A,1,נשר,NESHER,,,נשר,נשר,
R_NXXL8Jbi0FdcCLn,1,ראשון לציון,RISHON LEZION,,,ראשון לציון,ראשון לציון,
R_2rAXVhQAmKFTAAt,1,פתח תקווה,PETACH TIKVA,,,פתח תקווה,פתח תקווה,
R_bgrAQMs1vR4aUF3,1,פתח תקווה,PETACH TIKVA,,,פתח תקווה,פתח תקווה,
R_6lrL3HW7uBHe07f,1,חיפה,HAIFA,,,חיפה,חיפה,
R_PHQlboSkwS5cR1v,1,ראשון לציון,RISHON LEZION,,,ראשון לציון,ראשון לציון,
R_XYVN6F6D2hzVkZ3,1,ראשון לציון,RISHON LEZION,,,ראשון לציון,ראשון לציון,
R_1GVoqr67YkhvrlN,1,פתח תקווה,PETACH TIKVA,,,פתח תקווה,פתח תקווה,
R_3L5CWUnigWDrgFZ,1,ראשון לציון,RISHON LEZION,,,ראשון לציון,ראשון לציון,
R_1MSdClmlPRQHPir,1,קרית מוצקין,QIRYAT MOZKIN,,,קריית מוצקין,קריית מוצקין,
R_2zAPflLZjJCQDBY,1,קרית אתא,QIRYAT ATA,,,קריית אתא,קריית אתא,
R_Z2KjrS5GT0SBGfv,1,פתח תקווה,PETACH TIKVA,,,פתח תקווה,פתח תקווה,
R_2xDEroTurfo5qIN,1,פתח תקווה,PETACH TIKVA,,,פתח תקווה,פתח תקווה,
R_3PN1Wrwwjaswqjv,1,נתניה,NATANIA,,,נתניה,נתניה,
R_2yq4bABxwlYrvUo,1,נשר,NESHER,,,חיפה,חיפה,
R_31N2ge2ZJpBVliB,1,קרית אתא,QIRYAT ATA,,,קריית אתא,קריית אתא,
R_1Q6EVFG8t55eYhB,1,קרית אתא,QIRYAT ATA,,,קריית אתא,קריית אתא,
R_3nr8xVa2ajdjsxC,1,חיפה,HAIFA,,,חיפה,חיפה,
R_2woEW6P9EpTkCFl,1,קרית חיים,QIRYAT HAIM,,,חיפה,חיפה,
R_2UfML2IzRZVZy5A,1,קרית אתא,QIRYAT ATA,,,קריית אתא,קריית אתא,
R_1rdZhVHE0fEz1p0,1,אחר (שפלה),OTHER,,,חיפה,חיפה,
R_2dFR9n9n4wharFx,1,קרית ים,QIRYAT YAM,,,קריית ים,קריית ים,
R_3EW0UDCqW7Jz4Vq,1,ראשון לציון,RISHON LEZION,,,ראשון לציון,ראשון לציון,
R_2AGZuwFx9zAIIB6,1,ראשון לציון,RISHON LEZION,,,ראשון לציון,ראשון לציון,
R_211eyazmORpIabY,1,נתניה,NATANIA,,,נתניה,נתניה,
R_2rooBT0NnBRXtJM,1,פתח תקווה,PETACH TIKVA,,,פתח תקווה,פתח תקווה,
R_Wv2ZvOLYpYyRL1L,1,קרית אתא,QIRYAT ATA,,,קריית אתא,קריית אתא,
R_2qfTXZkmXooRUpA,1,ראשון לציון,RISHON LEZION,,,ראשון לציון,ראשון לציון,
R_3Gqfch7uMZH0Lym,1,נתניה,NATANIA,,,נתניה,נתניה,
R_2WZQZ1z5YDLNKJS,1,ראשון לציון,RISHON LEZION,,,ראשון לציון,ראשון לציון,
R_3FILLjUHTtpEFQQ,1,נתניה,NATANIA,,,נתניה,נתניה,
R_31ZvmX0tT6SNDOe,1,נתניה,NATANIA,,,נתניה,נתניה,
R_d05BEWBdZBXXZ61,1,פתח תקווה,PETACH TIKVA,,,פתח תקווה,פתח תקווה,
R_1ihDuQ2AR1s8QWT,1,ראשון לציון,RISHON LEZION,,,ראשון לציון,ראשון לציון,
R_3RsIbbJ8MomPH05,1,ראשון לציון,RISHON LEZION,,,ראשון לציון,ראשון לציון,
R_2pQVrSAHoMrSeRR,1,חיפה,HAIFA,,,חיפה,חיפה,
R_78quee5axGi6EZb,1,ראשון לציון,RISHON LEZION,,,ראשון לציון,ראשון לציון,
R_1lo4p12R4sRU6Hs,1,ראשון לציון,RISHON LEZION,,,ראשון לציון,ראשון לציון,
R_u9BotBOHrXRDJQt,1,ראשון לציון,RISHON LEZION,,,ראשון לציון,ראשון לציון,
R_27VCZx6PzipaksF,1,פתח תקווה,PETACH TIKVA,,,פתח תקווה,פתח תקווה,
R_2S6OmazhDkKxOB2,1,פתח תקווה,PETACH TIKVA,,,פתח תקווה,פתח תקווה,
R_1Kp4P8neg389TJ8,1,קרית אתא,QIRYAT ATA,,,קריית אתא,קריית אתא,
R_1jpmrgbmFFwbmsB,1,נתניה,NATANIA,,,נתניה,נתניה,
R_3JE5Lurs5bvc5Rv,1,ראשון לציון,RISHON LEZION,,,ראשון לציון,ראשון לציון,
R_VX1XKX4N4Ht9uSJ,1,פתח תקווה,PETACH TIKVA,,,פתח תקווה,פתח תקווה,
R_1mg5AWjXOKfbJQQ,1,פתח תקווה,PETACH TIKVA,,,פתח תקווה,פתח תקווה,
R_3JtmnPIqnH1MKgP,1,נתניה,NATANIA,,,נתניה,נתניה,
R_10Bpq3k9IBPRzlR,1,פתח תקווה,PETACH TIKVA,,,פתח תקווה,פתח תקווה,
R_3KNiwhkPQQ8YHuH,1,פתח תקווה,PETACH TIKVA,,,פתח תקווה,פתח תקווה,
R_2Ev3xVrby1siY05,1,פתח תקווה,PETACH TIKVA,,,פתח תקווה,פתח תקווה,
R_33qCMnHJCKOrsyA,1,נתניה,NATANIA,,,נתניה,נתניה,
R_OjuDRW5LHhvpU9b,1,קרית אתא,QIRYAT ATA,,,קריית אתא,קריית אתא,
R_3feBP7R2bBQuzKM,1,קרית חיים,QIRYAT HAIM,,,חיפה,חיפה,
R_udGHhGWeN2AulMt,1,חיפה,HAIFA,,,חיפה,חיפה,
R_u3SmjhOYXuF7rLX,1,נתניה,NATANIA,,,נתניה,נתניה,
R_25QvJorn1PYxTMm,1,פתח תקווה,PETACH TIKVA,,,פתח תקווה,פתח תקווה,
R_30laeM3zQMADIcn,1,חיפה,HAIFA,,,חיפה,חיפה,
R_24C1xMwoXZ7ze2b,1,ראשון לציון,RISHON LEZION,,,ראשון לציון,ראשון לציון,
R_4MK7pwaEXWWD6Xn,1,חיפה,HAIFA,,,חיפה,חיפה,
R_1hZmySYjDE0306n,1,פתח תקווה,PETACH TIKVA,,,פתח תקווה,פתח תקווה,
R_24AisS3x6diNuio,1,חיפה,HAIFA,,,חיפה,חיפה,
R_2qluI2dpV4gcg6T,1,ראשון לציון,RISHON LEZION,,,ראשון לציון,ראשון לציון,
R_2XjrTEHA5LCdttP,1,פתח תקווה,PETACH TIKVA,,,פתח תקווה,פתח תקווה,
R_p62w9eQDQFjvthT,1,נתניה,NATANIA,,,נתניה,נתניה,
R_2VkhBzRvGa5G55J,1,ראשון לציון,RISHON LEZION,,,ראשון לציון,ראשון לציון,
R_22sp0FU97HSSqm4,1,חיפה,HAIFA,,,חיפה,חיפה,
R_3kvpSbh6omlflP5,1,נשר,NESHER,,,נשר,נשר,
R_WpwilH4fGHPchvH,1,ראשון לציון,RISHON LEZION,,,ראשון לציון,ראשון לציון,
R_32Xtm2Lpkaqy96G,1,קרית אתא,QIRYAT ATA,,,קריית אתא,קריית אתא,
R_1d9LODyKHado8Og,1,קרית אתא,QIRYAT ATA,,,קריית אתא,קריית אתא,
R_33anPMwCIrnBYl7,1,פתח תקווה,PETACH TIKVA,,,פתח תקווה,פתח תקווה,
R_2rHERXhk9V1SU8N,1,ראשון לציון,RISHON LEZION,,,ראשון לציון,ראשון לציון,
R_1laU1ojZyzOXPt9,1,פתח תקווה,PETACH TIKVA,,,פתח תקווה,פתח תקווה,
R_23geKbQyW9O4ZwY,1,פתח תקווה,PETACH TIKVA,,,פתח תקווה,פתח תקווה,
R_OkzMxyPPUMe23ND,1,נתניה,NATANIA,,,נתניה,נתניה,
R_6FsGBq3B1KozFT3,1,קרית אתא,QIRYAT ATA,,,קריית אתא,קריית אתא,
R_23fSx1FBTy5NYc2,1,קרית מוצקין,QIRYAT MOZKIN,,,קריית מוצקין,קריית מוצקין,
R_1gpi4CXcLKGrDCi,1,ראשון לציון,RISHON LEZION,,,ראשון לציון,ראשון לציון,
R_1gtnRZqNnbPJNeR,1,חיפה,HAIFA,,,חיפה,חיפה,
R_2VPCadQL7f0H2Z6,1,קרית חיים,QIRYAT HAIM,,,חיפה,חיפה,
R_3h9NCE9tUT9hOAv,1,חיפה,HAIFA,,,חיפה,חיפה,
R_25X7tL5yFmoj8zA,1,ראשון לציון,RISHON LEZION,,,ראשון לציון,ראשון לציון,
R_ST4iQCNCOPmSdyx,1,קרית מוצקין,QIRYAT MOZKIN,,,קריית מוצקין,קריית מוצקין,
R_1IEkSUnusHxJOfh,1,קרית אתא,QIRYAT ATA,,,קריית אתא,קריית אתא,
R_3NJMXmjmbhgg6sT,1,פתח תקווה,PETACH TIKVA,,,פתח תקווה,פתח תקווה,
R_1qg40ll5dbQMbE1,1,חיפה,HAIFA,,,חיפה,חיפה,
R_1jk8VI9mxwCPx8m,1,קרית מוצקין,QIRYAT MOZKIN,,,קריית מוצקין,קריית מוצקין,
R_3KGYIKPRunlOTwK,1,קרית מוצקין,QIRYAT MOZKIN,,,קריית מוצקין,קריית מוצקין,
R_RKXph9jc71Rj5oB,1,ראשון לציון,RISHON LEZION,,,ראשון לציון,ראשון לציון,
R_33swkiW8ExY1Zpg,1,פתח תקווה,PETACH TIKVA,,,פתח תקווה,פתח תקווה,
R_cCJPn56W6jp1jCV,1,אחר (שפלה),OTHER,,,קריית ים,קריית ים,
R_3fPkWUpBvO9ZdPX,1,נתניה,NATANIA,,,נתניה,נתניה,
R_A4BmM0eUdYAlVK1,1,חיפה,HAIFA,,,חיפה,חיפה,
R_1F4gJQVHwVbCBhx,1,פתח תקווה,PETACH TIKVA,,,פתח תקווה,פתח תקווה,
R_3RlVEmQcZGR7Fqe,1,נתניה,NATANIA,,,נתניה,נתניה,
R_3oyUVXdw5yktfGs,1,ראשון לציון,RISHON LEZION,,,ראשון לציון,ראשון לציון,
R_2YQDBhcEq7h3OpI,1,חיפה,HAIFA,,,חיפה,חיפה,
R_xi3hAnlNTme478l,1,חיפה,HAIFA,,,חיפה,חיפה,
R_2rNtuJ1HbXNqBTg,1,חיפה,HAIFA,,,חיפה,חיפה,
R_2DOA1thdCGWCQKa,1,ראשון לציון,RISHON LEZION,,,ראשון לציון,ראשון לציון,
R_d4DbT9OjlUk3j4R,1,חיפה,HAIFA,,,חיפה,חיפה,
R_1mnoLXetePCUbdN,1,חיפה,HAIFA,,,חיפה,חיפה,
R_1FxmrqUMrdPferW,1,פתח תקווה,PETACH TIKVA,,,פתח תקווה,פתח תקווה,
R_29cQczLJVLUC82o,1,חיפה,HAIFA,,,חיפה,חיפה,
R_xbdJzUuLgLYSyFX,1,קרית מוצקין,QIRYAT MOZKIN,,,קריית מוצקין,קריית מוצקין,
R_WlzQAo6PCjxD7IB,1,ראשון לציון,RISHON LEZION,,,ראשון לציון,ראשון לציון,
R_3lrThjwTc7rUs9h,1,חיפה,HAIFA,,,חיפה,חיפה,
R_3kB1mO3VBiyT2KP,1,נשר,NESHER,,,נשר,נשר,
R_1K2VL9WroxrsGdw,1,חיפה,HAIFA,,,חיפה,חיפה,
R_1CphjwlY5e3pzkR,1,חיפה,HAIFA,,,חיפה,חיפה,
R_3rY7xA9ZSzyrsfZ,1,פתח תקווה,PETACH TIKVA,,,פתח תקווה,פתח תקווה,
R_3JwMlf2LT6g7l7X,1,ראשון לציון,RISHON LEZION,,,ראשון לציון,ראשון לציון,
R_RsJF70CprmxKUP7,1,קרית ביאליק,QIRYAT BIALIK,,,קריית ביאליק,קריית ביאליק,
R_3eb0enc8Gv84HDF,1,חיפה,HAIFA,,,חיפה,חיפה,
R_0fFh2uSsZBIRX33,1,נתניה,NATANIA,,,נתניה,נתניה,
R_5jP3GAHmr97ji2B,1,חיפה,HAIFA,,,חיפה,חיפה,
R_TdBxKPoWWnMQdhf,1,נתניה,NATANIA,,,Brodetzky 7,Brodetzky 7,
R_2bZ7RxcSBkG6DEm,1,פתח תקווה,PETACH TIKVA,,,פתח תקווה,פתח תקווה,
R_2348e0fLz3iNJ62,1,קרית מוצקין,QIRYAT MOZKIN,,,קריית מוצקין,קריית מוצקין,
R_27Bw56HW4IIq2ig,1,נתניה,NATANIA,,,נתניה,נתניה,
R_2du95207GMjJyJq,1,חיפה,HAIFA,,,חיפה,חיפה,
R_3lLbpzQDYBd2DA1,1,ראשון לציון,RISHON LEZION,,,ראשון לציון,ראשון לציון,
R_30ph6MbNJPnMHZ1,1,ראשון לציון,RISHON LEZION,,,ראשון לציון,ראשון לציון,
R_2EhtOwUQFOk2gIe,1,קרית מוצקין,QIRYAT MOZKIN,,,קריית מוצקין,קריית מוצקין,
R_2yqQnkRVX7KWmeQ,1,ראשון לציון,RISHON LEZION,,,ראשון לציון,ראשון לציון,
R_2aCxKSKZrex5eZQ,1,נתניה,NATANIA,,,נתניה,נתניה,
R_1GwDSCI2kC6KHRG,1,חיפה,HAIFA,,,חיפה,חיפה,
R_1GPODaq0Q6nDJOo,1,חיפה,HAIFA,,,נשר,נשר,
R_2ZX5q5PPO6JFS7m,1,חיפה,HAIFA,,,חיפה,חיפה,
R_1HeEpZZN4gVurZD,1,פתח תקווה,PETACH TIKVA,,,פתח תקווה,פתח תקווה,
R_1IMe2ME7mWiVkuv,1,פתח תקווה,PETACH TIKVA,,,פתח תקווה,פתח תקווה,
R_2CjOXYVX9lc4YdL,1,חיפה,HAIFA,,,חיפה,חיפה,
R_tK7WzHyPdKKeAi5,1,חיפה,HAIFA,,,חיפה,חיפה,
R_10T8CsVrFg837Ht,1,ראשון לציון,RISHON LEZION,,,ראשון לציון,ראשון לציון,
R_1EgG7pyJCjlc35i,1,חיפה,HAIFA,,,חיפה,חיפה,
R_2SeIXItm3Uy7YL3,1,נתניה,NATANIA,,,נתניה,נתניה,
R_3QGJO2NfcsZCW4i,1,פתח תקווה,PETACH TIKVA,,,פתח תקווה,פתח תקווה,
R_2ZBl3LiAGjhD3Mv,1,נתניה,NATANIA,,,נתניה,נתניה,
R_2tigRJu9KG7bYKO,1,נתניה,NATANIA,,,נתניה,נתניה,
R_3EQjScMe5ct1Ygx,1,קרית אתא,QIRYAT ATA,,,קריית אתא,קריית אתא,
R_27fGbqgeCUmybO6,1,קרית ביאליק,QIRYAT BIALIK,,,קריית ביאליק,קריית ביאליק,
R_2wB4GPilUsrKM4d,1,פתח תקווה,PETACH TIKVA,,,פתח תקווה,פתח תקווה,
R_1CvVDXEyOPsZZ1K,1,נתניה,NATANIA,,,נתניה,נתניה,
R_3fuXQiGUS5NOJG7,1,ראשון לציון,RISHON LEZION,,,ראשון לציון,ראשון לציון,
R_3hmXDVdsY8K3cDv,1,קרית חיים,QIRYAT HAIM,,,חיפה,חיפה,
R_3L1CW8WiRrovy2S,1,קרית אתא,QIRYAT ATA,,,קריית אתא,קריית אתא,
R_eLhwsYautQ98pot,1,ראשון לציון,RISHON LEZION,,,ראשון לציון,ראשון לציון,
R_1r6B4PDbOUJZhxt,1,חיפה,HAIFA,,,חיפה,חיפה,
R_2dFl16Aeaq8Ujor,1,פתח תקווה,PETACH TIKVA,,,פתח תקווה,פתח תקווה,
R_2wHpjC1ZcHlPz8k,1,ראשון לציון,RISHON LEZION,,,ראשון לציון,ראשון לציון,
R_30bLclxeL0KHf6l,1,חיפה,HAIFA,,,חיפה,חיפה,
R_OjvuFUWA78H1vmF,1,נשר,NESHER,,,נשר,נשר,
R_2OVmhVK1W7ywbDL,1,קרית חיים,QIRYAT HAIM,,,חיפה,חיפה,
R_6zXafI8CYF7ymbv,1,פתח תקווה,PETACH TIKVA,,,פתח תקווה,פתח תקווה,
R_12QjwQGITbkFUyl,1,פתח תקווה,PETACH TIKVA,,,פתח תקווה,פתח תקווה,
R_3MFIqMQ4ez3WYmw,1,נתניה,NATANIA,,,נתניה,נתניה,
R_WiIJj0cy17Ttvgt,1,אחר (שפלה),OTHER,,,קריית ביאליק,קריית ביאליק,
R_2AGtimxfxOglH4T,1,ראשון לציון,RISHON LEZION,,,ראשון לציון,ראשון לציון,
R_1dES3tUyt5vLHGt,1,נתניה,NATANIA,,,נתניה,נתניה,
R_3KCQhI1a23YEKlb,1,חיפה,HAIFA,,,חיפה,חיפה,
R_23Ukm5z9Ae1t2lE,1,חיפה,HAIFA,,,חיפה,חיפה,
R_3h45YDKZOjJJxby,1,פתח תקווה,PETACH TIKVA,,,פתח תקווה,פתח תקווה,
R_1DZKf0nNEkxnNAV,1,ראשון לציון,RISHON LEZION,,,ראשון לציון,ראשון לציון,
R_2D2iCNLkB62cTKE,1,פתח תקווה,PETACH TIKVA,,,פתח תקווה,פתח תקווה,
R_2dtYVgLypbLn8G4,1,נתניה,NATANIA,,,נתניה,נתניה,
R_3lyOvjLbEBxZmA6,1,קרית מוצקין,QIRYAT MOZKIN,,,קריית מוצקין,קריית מוצקין,
R_2rOVIkvQyL8Aosf,1,נתניה,NATANIA,,,נתניה,נתניה,
R_1rBm1cB0q4wOSke,1,ראשון לציון,RISHON LEZION,,,ראשון לציון,ראשון לציון,
R_3g7Yn9XWuqZHUiW,1,חיפה,HAIFA,,,חיפה,חיפה,
R_2AYHnARj0XLdDsH,1,פתח תקווה,PETACH TIKVA,,,פתח תקווה,פתח תקווה,
R_21vsnIjZrPjs6I5,1,נתניה,NATANIA,,,נתניה,נתניה,
R_3PTwPCh6OZRXcvA,1,קרית מוצקין,QIRYAT MOZKIN,,,קריית מוצקין,קריית מוצקין,
R_5hCLACxv68hhX7X,1,פתח תקווה,PETACH TIKVA,,,פתח תקווה,פתח תקווה,
R_e3Ei2oe6HXs8edz,1,נתניה,NATANIA,,,נתניה,נתניה,
R_3hmcgaHpMPokMir,1,ראשון לציון,RISHON LEZION,,,ראשון לציון,ראשון לציון,
R_1mQlwnkpKoYGrgE,1,פתח תקווה,PETACH TIKVA,,,פתח תקווה,פתח תקווה,
R_2ygslZ7Nh4EM1Mx,1,נתניה,NATANIA,,,נתניה,נתניה,
R_3HiEnkLAKHZSj6T,1,ראשון לציון,RISHON LEZION,,,ראשון לציון,ראשון לציון,
R_8H3ZqpSQdvhlJ3H,1,חיפה,HAIFA,,,חיפה,חיפה,
R_27qbD4wgZmzkd8I,1,פתח תקווה,PETACH TIKVA,,,פתח תקווה,פתח תקווה,
R_D1siKRdGp4il0pr,1,נתניה,NATANIA,,,נתניה,נתניה,
R_1d5nZ7RioFT3QwZ,1,פתח תקווה,PETACH TIKVA,,,פתח תקווה,פתח תקווה,
R_1IyCkFSEiRDH2fh,1,קרית אתא,QIRYAT ATA,,,קריית אתא,קריית אתא,
R_3iKZrc4sJsTegDn,1,חיפה,HAIFA,,,חיפה,חיפה,
R_pispvH2ZJ6fcy9r,1,חיפה,HAIFA,,,חיפה,חיפה,
R_w7CyZDF9mtgkNk5,1,נתניה,NATANIA,,,נתניה,נתניה,
R_1jO1nwYTBuYMorS,1,נתניה,NATANIA,,,נתניה,נתניה,
R_2Ug9IE84hHJbEwQ,1,קרית חיים,QIRYAT HAIM,,,חיפה,חיפה,
R_3PcbYXh91a32Rzn,1,פתח תקווה,PETACH TIKVA,,,פתח תקווה,פתח תקווה,
R_1K8yvmmiRaCuqGG,1,נתניה,NATANIA,,,נתניה,נתניה,
R_2zBbL43fUwA8fGl,1,אחר (שפלה),OTHER,,,ראשון לציון,ראשון לציון,
R_7UTTv4lRS0ytub7,1,חיפה,HAIFA,,,חיפה,חיפה,
R_psD5VS9bz08tJIJ,1,פתח תקווה,PETACH TIKVA,,,פתח תקווה,פתח תקווה,
R_PHUXBgQAfjt1fwZ,1,ראשון לציון,RISHON LEZION,,,ראשון לציון,ראשון לציון,
R_3nDy56VYjnc1843,1,פתח תקווה,PETACH TIKVA,,,פתח תקווה,פתח תקווה,
R_1IDUbCtiTqfZkA2,1,נתניה,NATANIA,,,נתניה,נתניה,
R_114RS2UsmhPBO13,1,חיפה,HAIFA,,,חיפה,חיפה,
R_1jkBFcaQ43XPGk7,1,נתניה,NATANIA,,,נתניה,נתניה,
R_1mtjqFsGAY9i2On,1,ראשון לציון,RISHON LEZION,,,ראשון לציון,ראשון לציון,
R_1BPJ7gWA9L1QMaq,1,חיפה,HAIFA,,,חיפה,חיפה,
R_3nxAWSXh8Vge8sB,1,חיפה,HAIFA,,,חיפה,חיפה,
R_tYCYoOQi7q8LyCt,1,קרית אתא,QIRYAT ATA,,,קריית אתא,קריית אתא,
R_81Ers1HNqRSGjvz,1,נתניה,NATANIA,,,נתניה,נתניה,
R_u8nxYOxS1wZXAeR,1,פתח תקווה,PETACH TIKVA,,,פתח תקווה,פתח תקווה,
R_1mCLLXJ3vQg2gGa,1,אחר (שפלה),OTHER,,,פתח תקווה,פתח תקווה,
R_1lAfMAO0xld8VDJ,1,ראשון לציון,RISHON LEZION,,,ראשון לציון,ראשון לציון,
R_voTJn5wKRB96b97,1,חיפה,HAIFA,,,חיפה,חיפה,
R_sp0bRstd1oG2rM5,1,נתניה,NATANIA,,,נתניה,נתניה,
R_BWnAT3vJjeEogVj,1,פתח תקווה,PETACH TIKVA,,,פתח תקווה,פתח תקווה,
R_3ixRgFOXz2ewlki,1,ראשון לציון,RISHON LEZION,,,ראשון לציון,ראשון לציון,
R_2WBWvs2nbLq7u3Q,1,קרית מוצקין,QIRYAT MOZKIN,,,קריית מוצקין,קריית מוצקין,
R_e2R5kONeTs15pIJ,1,קרית ביאליק,QIRYAT BIALIK,,,קריית מוצקין,קריית מוצקין,
R_1jwEg8ZYoTo4H8z,1,פתח תקווה,PETACH TIKVA,,,פתח תקווה,פתח תקווה,
R_a36hwvcLTNYAQMN,1,קרית חיים,QIRYAT HAIM,,,חיפה,חיפה,
R_1opX6RlMQVmx9CX,1,פתח תקווה,PETACH TIKVA,,,פתח תקווה,פתח תקווה,
R_2dv7kqN4jFcuU7s,1,פתח תקווה,PETACH TIKVA,,,פתח תקווה,פתח תקווה,
R_ugDuhjFqxxJwOrv,1,פתח תקווה,PETACH TIKVA,,,פתח תקווה,פתח תקווה,
R_0qeuof7oaULCmbv,1,ראשון לציון,RISHON LEZION,,,ראשון לציון,ראשון לציון,
R_2EfKQYWh34JNpM1,1,ראשון לציון,RISHON LEZION,,,ראשון לציון,ראשון לציון,
R_3D8yFuvjgdVikNw,1,חיפה,HAIFA,,,חיפה,חיפה,
R_2diEv2zMX2IfEtr,1,נתניה,NATANIA,,,נתניה,נתניה,
R_rpEAuU4zHfk0Exz,1,קרית ביאליק,QIRYAT BIALIK,,,קריית ביאליק,קריית ביאליק,
R_C9tVoOWAcQ7rjcl,1,פתח תקווה,PETACH TIKVA,,,פתח תקווה,פתח תקווה,
R_WjOr3SuUXkD5AlP,1,נתניה,NATANIA,,,נתניה,נתניה,
R_2c8aFkzSjQ4tqLU,1,ראשון לציון,RISHON LEZION,,,ראשון לציון,ראשון לציון,
R_1P1M5a5KZDfb1Wm,1,קרית אתא,QIRYAT ATA,,,קריית אתא,קריית אתא,
R_1LNLJ7Qydlx76U6,1,ראשון לציון,RISHON LEZION,,,ראשון לציון,ראשון לציון,
R_DIuucxLp4r2NCJH,1,קרית מוצקין,QIRYAT MOZKIN,,,קריית מוצקין,קריית מוצקין,
R_1dhG2oWBtoTzXhK,1,פתח תקווה,PETACH TIKVA,,,פתח תקווה,פתח תקווה,
R_6GaO1PubasmmOGZ,1,פתח תקווה,PETACH TIKVA,,,פתח תקווה,פתח תקווה,
R_54HxNxXstRtrQZP,1,ראשון לציון,RISHON LEZION,,,ראשון לציון,ראשון לציון,
R_2YnBB96DSZZYu0R,1,ראשון לציון,RISHON LEZION,,,ראשון לציון,ראשון לציון,
R_R92hn24joWTNmAF,1,קרית אתא,QIRYAT ATA,,,קריית אתא,קריית אתא,
R_1pX7bulOZmV6kHg,1,חיפה,HAIFA,,,"חסידי אומות העולם 5, 4","חסידי אומות העולם 5, 4",
R_428mjsSI9z2hVBf,1,ראשון לציון,RISHON LEZION,,,ראשון לציון,ראשון לציון,
R_2rFOxCjThhQqC2Z,1,פתח תקווה,PETACH TIKVA,,,פתח תקווה,פתח תקווה,
R_114RUAIx0Qlf3AL,1,ראשון לציון,RISHON LEZION,,,ראשון לציון,ראשון לציון,
R_RxlZyO7nQDM3BWV,1,חיפה,HAIFA,,,ראשון לציון,ראשון לציון,
R_56xUmtm9ExoU013,1,ראשון לציון,RISHON LEZION,,,ראשון לציון,ראשון לציון,
R_2PuOUx2TJvGmgys,1,נשר,NESHER,,,נשר,נשר,
R_yjpE3GJbkzjBR9T,1,פתח תקווה,PETACH TIKVA,,,פתח תקווה,פתח תקווה,
R_Pu52TvLyQe3l7ah,1,ראשון לציון,RISHON LEZION,,,ראשון לציון,ראשון לציון,
R_2xJhOSHPU6bsF4j,1,פתח תקווה,PETACH TIKVA,,,פתח תקווה,פתח תקווה,
R_R983mQvjSwtybqF,1,אחר (שפלה),OTHER,,,פתח תקווה,פתח תקווה,
R_qFoN1pqr41dPPwZ,1,חיפה,HAIFA,,,חיפה,חיפה,
R_2bTaj6xW2zbh7V5,1,פתח תקווה,PETACH TIKVA,,,פתח תקווה,פתח תקווה,
R_32Ly4eA4DOATn3O,1,קרית אתא,QIRYAT ATA,,,קריית אתא,קריית אתא,
R_2eXuuaV7JY3TBjD,1,ראשון לציון,RISHON LEZION,,,ראשון לציון,ראשון לציון,
R_3Hq7PFZAcUypnPg,1,חיפה,HAIFA,,,חיפה,חיפה,
R_2AYhdb5XLPYWpbL,1,חיפה,HAIFA,,,חיפה,חיפה,
R_2v1zFEEsSf5G0op,1,פתח תקווה,PETACH TIKVA,,,פתח תקווה,פתח תקווה,
R_bBANoc9yyUJrwPf,1,נתניה,NATANIA,,,נתניה,נתניה,
R_yWvH1z54OssDU41,1,חיפה,HAIFA,,,חיפה,חיפה,
R_1dgaE1l3aSrNGMI,1,קרית ים,QIRYAT YAM,,,קריית ים,קריית ים,
R_PG1GKGxIXcFkMXD,1,נתניה,NATANIA,,,נתניה,נתניה,
R_2Pd5u2SDTsWzHW5,1,נתניה,NATANIA,,,נתניה,נתניה,
R_20Oir3vxsvHIEaG,1,חיפה,HAIFA,,,חיפה,חיפה,
R_AMbqEArGKnzYL2V,1,חיפה,HAIFA,,,חיפה,חיפה,
R_3dMIXS5O726GIou,1,פתח תקווה,PETACH TIKVA,,,פתח תקווה,פתח תקווה,
R_XKVxLFNMKOLxqo1,1,ראשון לציון,RISHON LEZION,,,ראשון לציון,ראשון לציון,
R_74aK68TWGiHCDFn,1,חיפה,HAIFA,,,חיפה,חיפה,
R_se7o1fBs6lQaPbr,1,פתח תקווה,PETACH TIKVA,,,פתח תקווה,פתח תקווה,
R_3EMidcemLsVhmbe,1,נשר,NESHER,,,נשר,נשר,
R_1OJFCBBoH7DmfGu,1,חיפה,HAIFA,,,חיפה,חיפה,
R_DCeG3jSmF4dvbQ5,1,נתניה,NATANIA,,,נתניה,נתניה,
R_u34wzgHp9zKJ1mN,1,פתח תקווה,PETACH TIKVA,,,פתח תקווה,פתח תקווה,
R_2CK8XlJiJldX4Z3,1,נתניה,NATANIA,,,נתניה,נתניה,
R_V5bdCcyaK4eDk1H,1,חיפה,HAIFA,,,חיפה,חיפה,
R_BFzGQk2dJKw3ucp,1,ראשון לציון,RISHON LEZION,,,ראשון לציון,ראשון לציון,
R_1HpNKPvuf5nckCM,1,ראשון לציון,RISHON LEZION,,,ראשון לציון,ראשון לציון,
R_SPJ57eLjbc0oD7j,1,חיפה,HAIFA,,,חיפה,חיפה,
R_2Tz2327PwawPeXd,1,חיפה,HAIFA,,,חיפה,חיפה,
R_1LMd2aZiWVfPVSr,1,ראשון לציון,RISHON LEZION,,,ראשון לציון,ראשון לציון,
R_3r0Rtz4JGklWgTF,1,פתח תקווה,PETACH TIKVA,,,פתח תקווה,פתח תקווה,
R_t0cfONZEkrWZxiF,1,נתניה,NATANIA,,,נתניה,נתניה,
R_Om6ksfcbSniJOQF,1,ראשון לציון,RISHON LEZION,,,ראשון לציון,ראשון לציון,
R_zTGFSBpWovuin2p,1,פתח תקווה,PETACH TIKVA,,,פתח תקווה,פתח תקווה,
R_RJhIO0xVfnqcUEN,1,ראשון לציון,RISHON LEZION,,,ראשון לציון,ראשון לציון,
R_20UqHSI3Sg6pTJn,1,חיפה,HAIFA,,,חיפה,חיפה,
R_Twto86TLJmV5wad,1,ראשון לציון,RISHON LEZION,,,ראשון לציון,ראשון לציון,
R_3st99KAIrIYkQcv,1,קרית אתא,QIRYAT ATA,,,קריית אתא,קריית אתא,
R_2wdCt6VzM5zUuTB,1,פתח תקווה,PETACH TIKVA,,,פתח תקווה,פתח תקווה,
R_1eJCMiufkMO9IG3,1,פתח תקווה,PETACH TIKVA,,,פתח תקווה,פתח תקווה,
R_2Cv9rFQTVhQC6Qh,1,קרית מוצקין,QIRYAT MOZKIN,,,קריית מוצקין,קריית מוצקין,
R_308XvP8ENrhjRdL,1,קרית אתא,QIRYAT ATA,,,קריית אתא,קריית אתא,
R_3DdsW1OEKA1daGq,1,ראשון לציון,RISHON LEZION,,,ראשון לציון,ראשון לציון,
R_3LXYavxwSMJgmt9,1,אחר (שפלה),OTHER,,,ראשון לציון,ראשון לציון,
R_1HnQ7HLMnWIieYW,1,חיפה,HAIFA,,,חיפה,חיפה,
R_2P6aHTSeDzTr8Fw,1,קרית מוצקין,QIRYAT MOZKIN,,,חיפה,חיפה,
R_2q9PVs9i5XcDsXK,1,פתח תקווה,PETACH TIKVA,,,פתח תקווה,פתח תקווה,
R_1lzZFjCXoVCgwfv,1,קרית ים,QIRYAT YAM,,,קריית ים,קריית ים,
R_2P5pAZwKpJlSQ3i,1,ראשון לציון,RISHON LEZION,,,ראשון לציון,ראשון לציון,
R_1l0uiLtlAO5GcSL,1,חיפה,HAIFA,,,חיפה,חיפה,
R_1qaprBY2W2X8Oqw,1,חיפה,HAIFA,,,חיפה,חיפה,
R_1nTKpe4h6WTrmtC,1,חיפה,HAIFA,,,חיפה,חיפה,
R_3hi4tPevTOu2lLk,1,קרית אתא,QIRYAT ATA,,,קריית אתא,קריית אתא,
R_3pfLUMbd9rUJBLj,1,חיפה,HAIFA,,,חיפה,חיפה,
R_6G6uBGHLT2w9GkF,1,חיפה,HAIFA,,,חיפה,חיפה,
R_eEaGKPz0a8idsYN,1,קרית ים,QIRYAT YAM,,,קריית ים,קריית ים,
R_yVHr4IvntsrJPRT,1,קרית ביאליק,QIRYAT BIALIK,,,קריית ים,קריית ים,
R_1GuXf71ucRcyXGf,1,חיפה,HAIFA,,,חיפה,חיפה,
R_1CyA6lKuOMZiaoj,1,קרית מוצקין,QIRYAT MOZKIN,,,קריית מוצקין,קריית מוצקין,
R_2WGWW2qAupcz61z,1,ראשון לציון,RISHON LEZION,,,ראשון לציון,ראשון לציון,
R_1ojvf835Qm2xGLY,1,חיפה,HAIFA,,,חיפה,חיפה,
R_pLYpuU2mw9yXxYJ,1,חיפה,HAIFA,,,חיפה,חיפה,
R_1GVnWScbm8XdoMF,1,חיפה,HAIFA,,,חיפה,חיפה,
R_334isnqmsFLWsBY,1,חיפה,HAIFA,,,חיפה,חיפה,
R_2wjeaKf9gRtDTgI,1,נשר,NESHER,,,חיפה,חיפה,
R_3s1iYerzWr84GkG,1,נשר,NESHER,,,נשר,נשר,
R_1jff7emrmds3uZy,1,חיפה,HAIFA,,,חיפה,חיפה,
R_2D1ZjZfOVSNOQoQ,1,קרית ביאליק,QIRYAT BIALIK,,,קריית ביאליק,קריית ביאליק,
R_32Mj1B7MNvvR3Mt,1,קרית מוצקין,QIRYAT MOZKIN,,,חיפה,חיפה,
R_1nVXO0XsFdcSf5c,1,קרית ביאליק,QIRYAT BIALIK,,,קריית מוצקין,קריית מוצקין,
R_3MQGXWlafZ57dTT,1,חיפה,HAIFA,,,חיפה,חיפה,
R_en8vKUDRpmOaJk5,1,קרית מוצקין,QIRYAT MOZKIN,,,קריית מוצקין,קריית מוצקין,
R_9siOb5EDM1dUpiN,1,חיפה,HAIFA,,,חיפה,חיפה,
R_2VEXQU1TjXUnbjr,1,חיפה,HAIFA,,,חיפה,חיפה,
R_ClGv64TqX1UoFGN,1,חיפה,HAIFA,,,חיפה,חיפה,
R_VJWltBohOq1Gdrz,1,קרית אתא,QIRYAT ATA,,,קריית אתא,קריית אתא,
R_509D16rF5PrgD4Z,1,קרית ביאליק,QIRYAT BIALIK,,,חיפה,חיפה,
R_3gRThimhFMLM9O9,1,קרית אתא,QIRYAT ATA,,,קריית אתא,קריית אתא,
R_1S0KcJ1mtaDfCo1,1,חיפה,HAIFA,,,חיפה,חיפה,
R_1d0O2S41Erf3TZg,1,נשר,NESHER,,,נשר,נשר,
R_2tg9ooalEoluOde,1,קרית אתא,QIRYAT ATA,,,קריית אתא,קריית אתא,
R_1qdIl7riDXkRw49,1,קרית מוצקין,QIRYAT MOZKIN,,,קריית מוצקין,קריית מוצקין,
R_1lsBwELGa9T9Bcy,1,חיפה,HAIFA,,,חיפה,חיפה,
R_2EtxwkwBUQM4b4i,1,חיפה,HAIFA,,,חיפה,חיפה,
R_24rcQRFiok3hYGs,1,חיפה,HAIFA,,,חיפה,חיפה,
R_216YnwutR5ma4sL,1,קרית אתא,QIRYAT ATA,,,קריית אתא,קריית אתא,
R_232FAE2k5r3q4Ol,1,חיפה,HAIFA,,,חיפה,חיפה,
R_3HBrq8vztRxhNpM,1,חיפה,HAIFA,,,חיפה,חיפה,
R_1laxKHqlg7ROQKR,1,נשר,NESHER,,,נשר,נשר,
R_qPCETB48qOK7IIx,1,קרית אתא,QIRYAT ATA,,,קריית אתא,קריית אתא,
R_2QEZ8hPhtKQfHGQ,1,חיפה,HAIFA,,,חיפה,חיפה,
R_ufBzd6xpnkTAu3v,1,חיפה,HAIFA,,,חיפה,חיפה,
R_2QRK1ozPLW9G78c,1,חיפה,HAIFA,,,חיפה,חיפה,
R_2e203w869CgElWz,1,חיפה,HAIFA,,,חיפה,חיפה,
R_2170SzCfhfqyMrO,1,קרית ביאליק,QIRYAT BIALIK,,,קריית ביאליק,קריית ביאליק,
R_3oC5d94LocvGIOK,1,חיפה,HAIFA,,,חיפה,חיפה,
R_2rCkcBbemEI2XhT,1,קרית חיים,QIRYAT HAIM,,,חיפה,חיפה,
R_2dvkqzkGvybtDoE,1,חיפה,HAIFA,,,חיפה,חיפה,
R_2QmJSW2PyA8nG0S,1,חיפה,HAIFA,,,חיפה,חיפה,
R_1DBkuZ6XGsKR0Bd,1,חיפה,HAIFA,,,חיפה,חיפה,
R_3EpIQaSDkIbDBKN,1,קרית אתא,QIRYAT ATA,,,קריית אתא,קריית אתא,
R_DCNV7F5nHKSWzMB,1,קרית חיים,QIRYAT HAIM,,,חיפה,חיפה,
R_1ff55RMlJ07Nh48,1,חיפה,HAIFA,,,חיפה,חיפה,
R_3ktfkxFYIvncB0E,1,חיפה,HAIFA,,,חיפה,חיפה,
R_1osU4ewxNkC1niV,1,קרית ים,QIRYAT YAM,,,קריית ים,קריית ים,
R_1ispqQNXaNJFACb,1,נשר,NESHER,,,נשר,נשר,
R_2v0QYl3Ps69TXtN,1,נשר,NESHER,,,נשר,נשר,
R_1ySgr6DKAD4B9ND,1,קרית מוצקין,QIRYAT MOZKIN,,,קריית מוצקין,קריית מוצקין,
R_3g7MQOeCXHBHEKY,1,חיפה,HAIFA,,,חיפה,חיפה,
R_3JmX0WlC4CBLzYY,1,חיפה,HAIFA,,,חיפה,חיפה,
R_3rG5aVq5grQoV99,1,קרית מוצקין,QIRYAT MOZKIN,,,קריית מוצקין,קריית מוצקין,
R_sRpk0qolfXYTG7v,1,קרית מוצקין,QIRYAT MOZKIN,,,קריית מוצקין,קריית מוצקין,
R_1hG7ZL8tSuu3dGG,1,קרית ים,QIRYAT YAM,,,חיפה,חיפה,
R_22Fe6ZHxJ6YoC1T,1,קרית ביאליק,QIRYAT BIALIK,,,קריית ביאליק,קריית ביאליק,
R_1oovIkT2t3QTetB,1,קרית אתא,QIRYAT ATA,,,המלך יהואש,המלך יהואש,
R_1n2BgDHS4zWhaAH,1,קרית ביאליק,QIRYAT BIALIK,,,קריית ביאליק,קריית ביאליק,
R_3LXpWPfXfezJHvA,1,חיפה,HAIFA,,,חיפה,חיפה,
R_3n6jto1NEiHbCwC,1,קרית מוצקין,QIRYAT MOZKIN,,,קריית מוצקין,קריית מוצקין,
R_2ZJ3wmzZoDuDsu1,1,חיפה,HAIFA,,,חיפה,חיפה,
R_2pRcV9g7Lfi0fy5,1,קרית ים,QIRYAT YAM,,,קריית ים,קריית ים,
R_1C3fdgLXRYjOl0Q,1,קרית אתא,QIRYAT ATA,,,קריית אתא,קריית אתא,
R_31a4XrRj4iqSA6j,1,קרית מוצקין,QIRYAT MOZKIN,,,קריית מוצקין,קריית מוצקין,
R_2WSTIupQG22cmye,1,קרית מוצקין,QIRYAT MOZKIN,,,קריית מוצקין,קריית מוצקין,
R_265RixBz4OefVBo,1,קרית ביאליק,QIRYAT BIALIK,,,קריית ביאליק,קריית ביאליק,
R_21n5YhPcaRXngtW,1,אחר (שפלה),OTHER,,,חיפה,חיפה,
R_VXCrqBZzBtcwJbz,1,חיפה,HAIFA,,,חיפה,חיפה,
R_3QL4K2aXWGd5AVu,1,חיפה,HAIFA,,,חיפה,חיפה,
R_A4DVuyHuOncJEjL,1,ראשון לציון,RISHON LEZION,,,ראשון לציון,ראשון לציון,
R_2xGcrc4j3hLDuw6,0,,,,,ראש העין,ראש העין,OTHER
R_3iKZ4Q1YXJRqwgK,0,,,,,נתניה,נתניה,NATANIA
R_3NUFB9P84bNjWkc,0,ראשון לציון,RISHON LEZION,,,ראשון לציון,ראשון לציון,
R_2DV4xBRvtPrkBbl,0,,,,,פתח תקווה,פתח תקווה,PETACH TIKVA
R_3R7AdLaZ01bD18g,0,,,,,ראשון לציון,ראשון לציון,RISHON LEZION
R_2AYaVyUGfxQb1VD,0,,,,,נתניה,נתניה,NATANIA
R_2bN1Ex0tpD6EZFQ,0,פתח תקווה,PETACH TIKVA,,,פתח תקווה,פתח תקווה,
R_zcHB71xHgnHwMOR,0,ראשון לציון,RISHON LEZION,,,ראשון לציון,ראשון לציון,
R_1hYiTzqFd8CijvY,0,,,,,קריית אתא,קריית אתא,QIRYAT ATA
R_2TSModAqKyBcn1q,0,,,,,ראשון לציון,ראשון לציון,RISHON LEZION
R_29dkx9ITU0OgEQN,0,,,,,חיפה,חיפה,HAIFA
R_2qe1qY1aYZw2yRK,0,,,,,ראשון לציון,ראשון לציון,RISHON LEZION
R_3GxZZiYTvZzlIJK,0,פתח תקווה,PETACH TIKVA,,,פתח תקווה,פתח תקווה,
R_ANbYi6DqxvJEGbv,0,קרית אתא,QIRYAT ATA,,,קריית אתא,קריית אתא,
R_2tzKityaOLAqynT,0,,,,,קריית אתא,קריית אתא,QIRYAT ATA
R_qPCLXNDF8QUb9p7,0,,,,,פתח תקווה,פתח תקווה,PETACH TIKVA
R_s56TQ58Mcyevpyp,0,,,,,ראשון לציון,ראשון לציון,RISHON LEZION
R_2xGmmrtyLZ0FNF8,0,,,,,קריית אתא,קריית אתא,QIRYAT ATA
R_1pA3o5xN4LSgxYL,0,,,,,קריית ים,קריית ים,QIRYAT YAM
R_3r37Kp1kogZhndq,0,,,,,חיפה,חיפה,HAIFA
R_1jUosx5borEmfAO,0,,,,,קריית ביאליק,קריית ביאליק,QIRYAT BIALIK
R_2aE1yV3MDjKdEmo,0,,,,,פתח תקווה,פתח תקווה,PETACH TIKVA
R_3nC9WJolcGudWrl,0,,,,,פתח תקווה,פתח תקווה,PETACH TIKVA
R_2TvYLUmH38gTAwk,0,,,,,חיפה,חיפה,HAIFA
R_2ZWV0QeObdNsjMk,0,,,,,קריית מוצקין,קריית מוצקין,QIRYAT MOZKIN
R_2qjBT4JEVCsuTEg,0,,,,,פתח תקווה,פתח תקווה,PETACH TIKVA
R_QoHbQVjYOSbXoyJ,0,,,,,ראשון לציון,ראשון לציון,RISHON LEZION
R_2cue3TSJ7AetRlW,0,,,,,נתניה,נתניה,NATANIA
R_1Cq2kCrkjHVK5Ua,0,קרית ביאליק,QIRYAT BIALIK,,,קריית ביאליק,קריית ביאליק,
R_23WWLfh76lG8j61,0,,,,,נתניה,נתניה,NATANIA
R_1QimWMunJj3BcgX,0,,,,,קריית ביאליק,קריית ביאליק,QIRYAT BIALIK
R_XFX8y2ClVVNW265,0,פתח תקווה,PETACH TIKVA,,,פתח תקווה,פתח תקווה,
R_1M0rb97qCJU93uh,0,,,,,חיפה,חיפה,HAIFA
R_1FErfW4m4rF5qpb,0,,,,,פתח תקווה,פתח תקווה,PETACH TIKVA
R_2fDV3aNn9px68hd,0,,,,,חיפה,חיפה,HAIFA
R_2pVIv4g58lxBKHI,0,,,,,פתח תקווה,פתח תקווה,PETACH TIKVA
R_2U33CyTpukXjusR,0,,,,,פתח תקווה,פתח תקווה,PETACH TIKVA
R_3LcDhqOn5tA45Dm,0,,,,,ראשון לציון,ראשון לציון,RISHON LEZION
R_Y6aZVjtVZVUwzYJ,0,,,,,ראשון לציון,ראשון לציון,RISHON LEZION
R_3pauZOiQHUMPSil,0,,,,,קריית ים,קריית ים,QIRYAT YAM
R_5orml4Lf1OyawLL,0,,,,,חיפה,חיפה,HAIFA
R_1F4lulqe13wkko8,0,,,,,ראשון לציון,ראשון לציון,RISHON LEZION
R_3kvvPVPMl5eGwFl,0,,,,,חיפה,חיפה,HAIFA
R_bwJ0ZuXEfFFsDyV,0,,,,,חיפה,חיפה,HAIFA
R_3dYZ76qAtOMlDiV,0,,,,,פתח תקווה,פתח תקווה,PETACH TIKVA
R_1gbvf43Nq9i5N0D,0,,,,,קריית אתא,קריית אתא,QIRYAT ATA
R_2V3KUmtY5cUWhlP,0,,,,,חיפה,חיפה,HAIFA
R_1ou9ErzflG0O7xk,0,,,,,ראשון לציון,ראשון לציון,RISHON LEZION
R_8GlpiatekZLzsrL,0,,,,,פתח תקווה,פתח תקווה,PETACH TIKVA
R_D7XSX7KlZBXDEBP,0,,,,,חיפה,חיפה,HAIFA
R_2aa8KCS2qVl940O,0,,,,,#N/A,#N/A,
R_21EAjpOBYD6515J,1,חיפה,HAIFA,,,חיפה,חיפה,
R_3lKff0qLjFF5nGL,1,קרית מוצקין,QIRYAT MOZKIN,,,קריית מוצקין,קריית מוצקין,
R_3068XaVI0aqB50s,1,חיפה,HAIFA,,,חיפה,חיפה,
R_2A05xlEUvbioecl,1,קרית אתא,QIRYAT ATA,,,קריית אתא,קריית אתא,
R_Dq7lSS63TR8m1Rn,1,חיפה,HAIFA,,,חיפה,חיפה,
R_1pWf5uRp7fbrDOK,1,קרית ים,QIRYAT YAM,,,קריית ים,קריית ים,
R_1OoYc0Ir4IB2Iu3,1,חיפה,HAIFA,,,חיפה,חיפה,
R_2ByWj5k1ero2IFl,1,פתח תקווה,PETACH TIKVA,,,פתח תקווה,פתח תקווה,
R_2rVL1ss5CwHEd92,1,חיפה,HAIFA,,,חיפה,חיפה,
R_yqXKXo42khO9VnP,1,קרית ביאליק,QIRYAT BIALIK,,,קריית ביאליק,קריית ביאליק,
R_2V2CY9c5VWYMqxp,1,חיפה,HAIFA,,,חיפה,חיפה,
R_Pt9J8zuIogUlsS5,1,חיפה,HAIFA,,,חיפה,חיפה,
R_1n1S0cL6xArW3Ub,1,קרית ים,QIRYAT YAM,,,קריית ים,קריית ים,
R_VLoftX0z15ARhGV,1,חיפה,HAIFA,,,חיפה,חיפה,
R_3lzeY8181zaQA8p,1,חיפה,HAIFA,,,חיפה,חיפה,
R_DUL2u6OhQZqk2uR,1,נשר,NESHER,,,נשר,נשר,
R_2zdcKfmjbQyqlf7,1,פתח תקווה,PETACH TIKVA,,,פתח תקווה,פתח תקווה,
R_3eh5eMaT3CCyxgZ,1,קרית אתא,QIRYAT ATA,,,קריית אתא,קריית אתא,
R_3kuDNEKIwSEnE7v,1,קרית מוצקין,QIRYAT MOZKIN,,,קריית מוצקין,קריית מוצקין,
R_241LrMKGG0WUJ8X,1,חיפה,HAIFA,,,חיפה,חיפה,
R_2YFaP0KtQ5DwLFj,1,חיפה,HAIFA,,,חיפה,חיפה,
R_3hi5sorzgr9a7Xu,1,חיפה,HAIFA,,,קריית אתא,קריית אתא,
R_12gWGUW0OydDzh7,1,נתניה,NATANIA,,,נתניה,נתניה,
R_xycoVVfKVEF28mJ,1,חיפה,HAIFA,,,חיפה,חיפה,
R_3QEKh81hZx1YGrs,1,קרית ביאליק,QIRYAT BIALIK,,,קריית ביאליק,קריית ביאליק,
R_2v8s6OLnO73jmQj,1,חיפה,HAIFA,,,חיפה,חיפה,
R_prCLBf3dg4CtOO5,1,פתח תקווה,PETACH TIKVA,,,פתח תקווה,פתח תקווה,
R_2PheUl78YszW41h,1,חיפה,HAIFA,,,חיפה,חיפה,
R_2Ec3eJznIwjrLph,1,חיפה,HAIFA,,,חיפה,חיפה,
R_2pMkvFJM4SpUHtP,1,חיפה,HAIFA,,,חיפה,חיפה,
R_1RCqNR3iQYqPgYh,1,פתח תקווה,PETACH TIKVA,,,פתח תקווה,פתח תקווה,
R_1NzzBlom9P7yiTH,1,ראשון לציון,RISHON LEZION,,,ראשון לציון,ראשון לציון,
R_3KOYSZuaWx6nR1t,1,קרית אתא,QIRYAT ATA,,,קריית אתא,קריית אתא,
R_2ZPGJF0uGtS3PFQ,1,נתניה,NATANIA,,,נתניה,נתניה,
R_UJYqDf23IMoLbMd,1,נתניה,NATANIA,,,נתניה,נתניה,
R_1mr8H0BKHARYvUM,1,חיפה,HAIFA,,,חיפה,חיפה,
R_3dSoncRUdQVlLik,1,פתח תקווה,PETACH TIKVA,,,פתח תקווה,פתח תקווה,
R_5thB0yuhwQyAhFL,1,ראשון לציון,RISHON LEZION,,,ראשון לציון,ראשון לציון,
R_wQQTRkEa5Aw1Yfn,1,חיפה,HAIFA,,,חיפה,חיפה,
R_2amh1yqYHP9yDcl,1,חיפה,HAIFA,,,חיפה,חיפה,
R_qEK6sVOiDSz5CMx,1,פתח תקווה,PETACH TIKVA,,,פתח תקווה,פתח תקווה,
R_9uJA1Nx0yl5MvOp,1,פתח תקווה,PETACH TIKVA,,,פתח תקווה,פתח תקווה,
R_22nAAgINsAQFq1S,1,חיפה,HAIFA,,,חיפה,חיפה,
R_3OZhNQRzPmahOoN,1,קרית ים,QIRYAT YAM,,,קריית ים,קריית ים,
R_1GJEPFjQz5dlCS1,1,קרית מוצקין,QIRYAT MOZKIN,,,קריית מוצקין,קריית מוצקין,
R_12tioTgmjqpkKJg,1,פתח תקווה,PETACH TIKVA,,,פתח תקווה,פתח תקווה,
R_Qc3HefbAjx5fWoN,1,חיפה,HAIFA,,,חיפה,חיפה,
R_12fOZxT0l9epq4a,1,קרית אתא,QIRYAT ATA,,,קריית אתא,קריית אתא,
R_10BLqtevQs6DU7O,1,חיפה,HAIFA,,,חיפה,חיפה,
R_27wEuS5GBrnAcDP,1,נתניה,NATANIA,,,נתניה,נתניה,
R_1k0KR7z3XV3xQ12,1,חיפה,HAIFA,,,חיפה,חיפה,
R_WpJPRoc5xXITtmN,1,נתניה,NATANIA,,,נתניה,נתניה,
R_3OeIVYfO5PSvxMS,1,חיפה,HAIFA,,,חיפה,חיפה,
R_5mutfqQLo8dGZqx,1,פתח תקווה,PETACH TIKVA,,,פתח תקווה,פתח תקווה,
R_1EXsce2mltD60EH,1,חיפה,HAIFA,,,חיפה,חיפה,
R_1Pbim5DTRcwIzxn,1,קרית מוצקין,QIRYAT MOZKIN,,,קריית מוצקין,קריית מוצקין,
R_2cjwqLl4i2f3Ws3,1,חיפה,HAIFA,,,חיפה,חיפה,
R_BG3FmAE17D7mJLH,1,קרית ביאליק,QIRYAT BIALIK,,,קריית ביאליק,קריית ביאליק,
R_USgl1m8Aky59aCZ,1,חיפה,HAIFA,,,חיפה,חיפה,
R_1PZb6OhbzapWo6D,1,ראשון לציון,RISHON LEZION,,,ראשון לציון,ראשון לציון,
R_pAHFfNkx5gx8sql,1,פתח תקווה,PETACH TIKVA,,,פתח תקווה,פתח תקווה,
R_2dsbPgrrVRil3Fg,1,קרית ביאליק,QIRYAT BIALIK,,,קריית ביאליק,קריית ביאליק,
R_1kFEQc2h0zwLeVd,1,פתח תקווה,PETACH TIKVA,,,פתח תקווה,פתח תקווה,
R_UcNSukuYnpq6RLr,1,חיפה,HAIFA,,,חיפה,חיפה,
R_322zAF1FZh7M30D,1,חיפה,HAIFA,,,חיפה,חיפה,
R_3nixXqoJwVuRadn,1,קרית ביאליק,QIRYAT BIALIK,,,קריית ביאליק,קריית ביאליק,
R_wXhiv1BNO7azKx3,1,חיפה,HAIFA,,,חיפה,חיפה,
R_5pvb0giWuDUIrG9,1,ראשון לציון,RISHON LEZION,,,ראשון לציון,ראשון לציון,
R_00PZsvpF7KGsCY1,1,נתניה,NATANIA,,,נתניה,נתניה,
R_337K2agfVLWAFFr,1,ראשון לציון,RISHON LEZION,,,ראשון לציון,ראשון לציון,
R_3iWHABLgxYGYxUL,1,קרית מוצקין,QIRYAT MOZKIN,,,קריית מוצקין,קריית מוצקין,
R_8p1veWjOHptWKt3,1,קרית מוצקין,QIRYAT MOZKIN,,,קריית מוצקין,קריית מוצקין,
R_10r6vVXMlU05xUj,1,חיפה,HAIFA,,,חיפה,חיפה,
R_3DteqaanEb1jgEa,1,קרית מוצקין,QIRYAT MOZKIN,,,קריית מוצקין,קריית מוצקין,
R_3CVI7vRK3RwJ8Tl,1,פתח תקווה,PETACH TIKVA,,,פתח תקווה,פתח תקווה,
R_AcG4m3W4eHGWeOt,1,ראשון לציון,RISHON LEZION,,,ראשון לציון,ראשון לציון,
R_1DuthselGCoiasM,1,חיפה,HAIFA,,,חיפה,חיפה,
R_25Mdw7pfccT2Id1,1,קרית ים,QIRYAT YAM,,,קריית ים,קריית ים,
R_2UaNOv3JvVXNhEk,1,פתח תקווה,PETACH TIKVA,,,פתח תקווה,פתח תקווה,
R_2WJqpLcITUef1WV,1,פתח תקווה,PETACH TIKVA,,,פתח תקווה,פתח תקווה,
R_3kLGGLHugXrRmjg,1,חיפה,HAIFA,,,חיפה,חיפה,
R_2D2opQM8n1tb0UI,1,קרית ביאליק,QIRYAT BIALIK,,,קריית ביאליק,קריית ביאליק,
R_vPod1fA0depAJUJ,1,קרית חיים,QIRYAT HAIM,,,חיפה,חיפה,
R_Y6uu9hoWsj5gsuZ,1,חיפה,HAIFA,,,חיפה,חיפה,
R_A0xXDqDMjpRHWIV,1,נתניה,NATANIA,,,נתניה,נתניה,
R_2dhjgvBMlY4aCsm,1,חיפה,HAIFA,,,חיפה,חיפה,
R_wNv1TGanBodPeG5,1,נתניה,NATANIA,,,נתניה,נתניה,
R_2ZPOprouj6YmNVh,1,נתניה,NATANIA,,,נתניה,נתניה,
R_1r7ZfNHVJstqMcS,1,חיפה,HAIFA,,,חיפה,חיפה,
R_vOEX7SFIEGztwAx,1,פתח תקווה,PETACH TIKVA,,,פתח תקווה,פתח תקווה,
R_UF2QbwTTLrLdjrz,1,חיפה,HAIFA,,,חיפה,חיפה,
R_1pmNI6MAtHKTWdN,1,חיפה,HAIFA,,,חיפה,חיפה,
R_qCsbYuIMuj9C8YV,1,חיפה,HAIFA,,,חיפה,חיפה,
R_10w8Lv9JTh0WgKf,1,קרית חיים,QIRYAT HAIM,,,חיפה,חיפה,
R_268sIkHw9LDZuJ1,1,חיפה,HAIFA,,,חיפה,חיפה,
R_PNb9a98Eq9kFQWJ,1,חיפה,HAIFA,,,חיפה,חיפה,
R_Y4hUYPjiUXkLLOx,1,פתח תקווה,PETACH TIKVA,,,פתח תקווה,פתח תקווה,
R_2EfVk3SmOdr04xS,1,חיפה,HAIFA,,,חיפה,חיפה,
R_22JKvb5tA5uBkM1,1,חיפה,HAIFA,,,חיפה,חיפה,
R_117a7VI4iJwUpUi,1,נשר,NESHER,,,נשר,נשר,
R_3g1NFngbgPk4iXi,1,קרית מוצקין,QIRYAT MOZKIN,,,קריית מוצקין,קריית מוצקין,
R_cwo9FGOGkWZaxUd,1,קרית אתא,QIRYAT ATA,,,קריית אתא,קריית אתא,
R_5cMaq44PKqh3Nkd,1,קרית ים,QIRYAT YAM,,,קריית ים,קריית ים,
R_3FRQQYHGbRLj8Wv,1,קרית חיים,QIRYAT HAIM,,,חיפה,חיפה,
R_0cta2m9UlfJzegN,1,קרית ים,QIRYAT YAM,,,קריית ים,קריית ים,
R_1Ol6fhv8k5I7NGB,1,קרית מוצקין,QIRYAT MOZKIN,,,קריית מוצקין,קריית מוצקין,
R_e4ZUXoG4x1ymsCJ,1,קרית מוצקין,QIRYAT MOZKIN,,,קריית מוצקין,קריית מוצקין,
R_vq8hLcyX5PgWeHL,1,קרית אתא,QIRYAT ATA,,,קריית אתא,קריית אתא,
R_3RlIqVAU8kWawhQ,1,קרית מוצקין,QIRYAT MOZKIN,,,קריית מוצקין,קריית מוצקין,
R_1CshedDfoUUr8Ut,1,חיפה,HAIFA,,,חיפה,חיפה,
R_3F4FJMdiIEQfD4J,1,חיפה,HAIFA,,,חיפה,חיפה,
R_NW8j56mPynLYvjr,1,פתח תקווה,PETACH TIKVA,,,פתח תקווה,פתח תקווה,
R_2WMbYHqyiRZG0oM,1,ראשון לציון,RISHON LEZION,,,ראשון לציון,ראשון לציון,
R_a3MPHvGXlMLTM2J,1,חיפה,HAIFA,,,חיפה,חיפה,
R_3iwqpQtY577IVya,1,קרית ים,QIRYAT YAM,,,קריית ים,קריית ים,
R_2aKY65LmAnVcvBP,1,קרית אתא,QIRYAT ATA,,,קריית אתא,קריית אתא,
R_71lnG73wHDBw04V,1,ראשון לציון,RISHON LEZION,,,ראשון לציון,ראשון לציון,
R_2ZPGJ6u84yNSghZ,1,קרית אתא,QIRYAT ATA,,,קריית אתא,קריית אתא,
R_1OCOM8U0n9dobiw,1,קרית ביאליק,QIRYAT BIALIK,,,קריית ביאליק,קריית ביאליק,
R_3G2H8CT6o8zY5Ai,1,פתח תקווה,PETACH TIKVA,,,פתח תקווה,פתח תקווה,
R_2azxQ4UGSuDmJOV,1,קרית חיים,QIRYAT HAIM,,,חיפה,חיפה,
R_2Xj7dVVlRR60O9Q,1,קרית מוצקין,QIRYAT MOZKIN,,,קריית מוצקין,קריית מוצקין,
R_Y4if6iOqC8zTjS9,1,חיפה,HAIFA,,,חיפה,חיפה,
R_3G8LekBpkza9FiO,1,חיפה,HAIFA,,,חיפה,חיפה,
R_31cQm8c6mG6wuQj,1,פתח תקווה,PETACH TIKVA,,,פתח תקווה,פתח תקווה,
R_3g0FNGx3hWKihs0,1,ראשון לציון,RISHON LEZION,,,ראשון לציון,ראשון לציון,
R_1CgyRof9h6Bt0xQ,1,חיפה,HAIFA,,,חיפה,חיפה,
R_1g7P5j5JkuOX8jG,1,פתח תקווה,PETACH TIKVA,,,פתח תקווה,פתח תקווה,
R_3qsZuOGHDvfLPf1,1,נתניה,NATANIA,,,נתניה,נתניה,
R_1M59fZsKHULZYaQ,1,ראשון לציון,RISHON LEZION,,,ראשון לציון,ראשון לציון,
R_2b0GQCnVJxtrCHN,1,קרית ים,QIRYAT YAM,,,קריית ים,קריית ים,
R_3fMBedojRm4gPuk,1,חיפה,HAIFA,,,חיפה,חיפה,
R_2dMzkzNbxguP3FA,1,קרית אתא,QIRYAT ATA,,,קריית אתא,קריית אתא,
R_1PaOXNPy1VlJwdS,1,קרית מוצקין,QIRYAT MOZKIN,,,קריית מוצקין,קריית מוצקין,
R_3F3TXXwMAPE2xBF,1,פתח תקווה,PETACH TIKVA,,,פתח תקווה,פתח תקווה,
R_1BQMQ5JwwOgdTqG,1,חיפה,HAIFA,,,חיפה,חיפה,
R_1FfyNfL0xHYRWVC,1,חיפה,HAIFA,,,חיפה,חיפה,
R_2aRM6qOnxX8g0G6,1,חיפה,HAIFA,,,חיפה,חיפה,
R_1o5cupjH3LjTfhS,1,חיפה,HAIFA,,,חיפה,חיפה,
R_2UbcksuYWdzk1y3,1,חיפה,HAIFA,,,חיפה,חיפה,
R_29g2Cxhwj9moNqx,1,חיפה,HAIFA,,,חיפה,חיפה,
R_1QJGDutXHAOg6hB,1,חיפה,HAIFA,,,חיפה,חיפה,
R_ZktXMOSvquqftHr,1,קרית אתא,QIRYAT ATA,,,קריית אתא,קריית אתא,
R_2ROH3zA5fIBL2MN,1,קרית מוצקין,QIRYAT MOZKIN,,,קריית מוצקין,קריית מוצקין,
R_11dQ5JWefSQiqKI,1,חיפה,HAIFA,,,חיפה,חיפה,
R_RD2GwhVnyLlGmsx,1,חיפה,HAIFA,,,חיפה,חיפה,
R_23fLPT2qjKBDooN,1,נשר,NESHER,,,נשר,נשר,
R_3NRhnZa9EBPgMef,1,קרית ביאליק,QIRYAT BIALIK,,,קריית ביאליק,קריית ביאליק,
R_AtcGmhRudXl1197,1,חיפה,HAIFA,,,חיפה,חיפה,
R_skhCHg7OuCkOgrD,1,קרית ביאליק,QIRYAT BIALIK,,,קריית ביאליק,קריית ביאליק,
R_6Fr1UyrMkXmqVGx,1,קרית מוצקין,QIRYAT MOZKIN,,,קריית מוצקין,קריית מוצקין,
R_1gN5ZqJpHhqRl4B,1,חיפה,HAIFA,,,חיפה,חיפה,
R_3ixob8x1GpK4KKK,1,חיפה,HAIFA,,,חיפה,חיפה,
R_stiKTY6DtLAB1Xr,1,חיפה,HAIFA,,,חיפה,חיפה,
R_232m6SkGF5S1IA8,1,קרית אתא,QIRYAT ATA,,,קריית אתא,קריית אתא,
R_3JkNN2FtwJP4FNM,1,נתניה,NATANIA,,,נתניה,נתניה,
R_3LgRjvFbkjUVFGj,1,קרית ים,QIRYAT YAM,,,קריית ים,קריית ים,
R_pReQrH9xcYeG72V,1,קרית ביאליק,QIRYAT BIALIK,,,קריית ביאליק,קריית ביאליק,
R_2qCUk3822rchTf6,1,קרית ים,QIRYAT YAM,,,קריית ים,קריית ים,
R_2rVknzvrdsiw6lJ,1,קרית ביאליק,QIRYAT BIALIK,,,קריית ביאליק,קריית ביאליק,
R_22XPgP2Mn7I1Efz,1,חיפה,HAIFA,,,חיפה,חיפה,
R_2wd8QsxqnuiMj0O,1,חיפה,HAIFA,,,חיפה,חיפה,
R_3PHNtZ5CGmAj3zU,1,קרית מוצקין,QIRYAT MOZKIN,,,קריית מוצקין,קריית מוצקין,
R_3ssSPVQi8KY2x70,1,ראשון לציון,RISHON LEZION,,,ראשון לציון,ראשון לציון,
R_1HiuXeRuXi4a8rB,1,קרית אתא,QIRYAT ATA,,,קריית אתא,קריית אתא,
R_2YrzGfBwzuuQVdm,1,קרית אתא,QIRYAT ATA,,,קריית אתא,קריית אתא,
R_10qtK7rc0WiD3jH,1,חיפה,HAIFA,,,חיפה,חיפה,
R_6xOMRoDZJVuy2wF,1,קרית אתא,QIRYAT ATA,,,קריית אתא,קריית אתא,
R_2tiq61v0u0Zs8lB,1,קרית מוצקין,QIRYAT MOZKIN,,,קריית מוצקין,קריית מוצקין,
R_3j83vG2e0zVXiHJ,1,קרית אתא,QIRYAT ATA,,,קריית אתא,קריית אתא,
R_3Eg3F4xubXQKDoL,1,חיפה,HAIFA,,,חיפה,חיפה,
R_Q55hKszQn0jitzj,1,חיפה,HAIFA,,,חיפה,חיפה,
R_4OUmfd5jMSwR0u5,1,קרית חיים,QIRYAT HAIM,,,חיפה,חיפה,
R_1LIHTRFb6ShAhAY,1,קרית ביאליק,QIRYAT BIALIK,,,קריית ביאליק,קריית ביאליק,
R_41NFHDfsjI91GAV,1,קרית חיים,QIRYAT HAIM,,,חיפה,חיפה,
R_vSLSZyeoS6tEvzr,1,חיפה,HAIFA,,,חיפה,חיפה,
R_3HMk1IUpVsPunAT,1,חיפה,HAIFA,,,חיפה,חיפה,
R_0dESGNl2Ahb9iIF,1,קרית ביאליק,QIRYAT BIALIK,,,קריית ביאליק,קריית ביאליק,
R_3scbSVPsCGbwxDv,1,חיפה,HAIFA,,,חיפה,חיפה,
R_2D85xtSH77zBX2B,1,חיפה,HAIFA,,,חיפה,חיפה,
R_3kjFpWZ62fgyEwK,1,חיפה,HAIFA,,,חיפה,חיפה,
R_1HiaSsUF8TLXVDF,1,קרית ביאליק,QIRYAT BIALIK,,,קריית ביאליק,קריית ביאליק,
R_2rPdV3R8Od2Gi4C,1,קרית ים,QIRYAT YAM,,,קריית ים,קריית ים,
R_DktN4CG3pbenZbX,1,קרית ביאליק,QIRYAT BIALIK,,,קריית ים,קריית ים,
R_1esMpvfJ7ASEp0J,1,חיפה,HAIFA,,,חיפה,חיפה,
R_3Oiyg1CNF7EJyQe,1,קרית חיים,QIRYAT HAIM,,,חיפה,חיפה,
R_2dYHBaUtIsVqbZ1,1,חיפה,HAIFA,,,חיפה,חיפה,
R_3MGaevl17S0niys,1,חיפה,HAIFA,,,חיפה,חיפה,
R_2ePEqHrQTHVBwxa,1,חיפה,HAIFA,,,קריית מוצקין,קריית מוצקין,
R_0IpnXlqqm3KPDm9,1,נשר,NESHER,,,נשר,נשר,
R_2CdKTu2vgH9Wspa,1,חיפה,HAIFA,,,חיפה,חיפה,
R_2f6CKHQJMQJJTQ8,1,קרית מוצקין,QIRYAT MOZKIN,,,קריית מוצקין,קריית מוצקין,
R_1DnX4rodb9XQL0x,1,קרית ביאליק,QIRYAT BIALIK,,,קריית ביאליק,קריית ביאליק,
R_1NdZIwFzWo6oTal,1,חיפה,HAIFA,,,חיפה,חיפה,
R_3PZHBLF2ukLvnlv,1,חיפה,HAIFA,,,חיפה,חיפה,
R_1jHsZ3oBrUswqGm,1,חיפה,HAIFA,,,חיפה,חיפה,
R_2pXns4KetHfn0y4,1,חיפה,HAIFA,,,חיפה,חיפה,
R_z1EnurvAKwvFXCp,1,קרית חיים,QIRYAT HAIM,,,חיפה,חיפה,
R_1HqLCHEYsrVmuwA,1,חיפה,HAIFA,,,חיפה,חיפה,
R_1E1oHQWFiLn0FcH,1,נשר,NESHER,,,נשר,נשר,
R_bdef5liMzREUr4t,1,קרית ביאליק,QIRYAT BIALIK,,,קריית ביאליק,קריית ביאליק,
R_pE2CeXFacjLtDgZ,1,אחר (מפרץ חיפה),OTHER (HAIFA BAY),,,חיפה,חיפה,
R_3L0WVP419rfeq3R,1,חיפה,HAIFA,,,חיפה,חיפה,
R_1LFgXBwX2gMevXH,1,קרית ים,QIRYAT YAM,,,קריית ים,קריית ים,
R_1BRBSOdqtZePTBy,1,חיפה,HAIFA,,,חיפה,חיפה,
R_Z2cFsNKR8GKQue5,1,חיפה,HAIFA,,,חיפה,חיפה,
R_DGdSlzrgeZoZqet,1,חיפה,HAIFA,,,חיפה,חיפה,
R_2fB9sBu5zBCki7D,1,קרית מוצקין,QIRYAT MOZKIN,,,קריית מוצקין,קריית מוצקין,
R_4GxsiQmfB8hv6Lf,1,חיפה,HAIFA,,,חיפה,חיפה,
R_2sXskXfPD9J31wv,1,חיפה,HAIFA,,,חיפה,חיפה,
R_2zZVXyT4gYU4JNn,1,קרית מוצקין,QIRYAT MOZKIN,,,קריית מוצקין,קריית מוצקין,
R_10OQ8NDdONj9NkK,1,קרית אתא,QIRYAT ATA,,,קריית אתא,קריית אתא,
R_3qxqcTL8moG2yNA,1,חיפה,HAIFA,,,חיפה,חיפה,
R_RzfDHWtToWTCvL3,1,חיפה,HAIFA,,,חיפה,חיפה,
R_9phaoOyannPcE8x,1,נשר,NESHER,,,נשר,נשר,
R_1ItqxXuxR9GT3QQ,1,חיפה,HAIFA,,,חיפה,חיפה,
R_1NFwaU5qGzNjTlw,1,נשר,NESHER,,,חיפה,חיפה,
R_3jfleRLW32UkYc7,1,קרית ביאליק,QIRYAT BIALIK,,,קריית ביאליק,קריית ביאליק,
R_2PvYvWD7DyoX48r,1,חיפה,HAIFA,,,חיפה,חיפה,
R_3PNWqdNLlT4vj3W,1,חיפה,HAIFA,,,חיפה,חיפה,
R_1Fwx5b1l5krHHhn,1,חיפה,HAIFA,,,חיפה,חיפה,
R_3iJsluBNrBY2fRU,1,חיפה,HAIFA,,,חיפה,חיפה,
R_3Eatk9gQfcEfic1,1,חיפה,HAIFA,,,חיפה,חיפה,
R_PYG96ODmXALc4iB,1,חיפה,HAIFA,,,חיפה,חיפה,
R_9Yu1tk0500gi3Pb,1,חיפה,HAIFA,,,חיפה,חיפה,
R_2YboBbu8s5e5Kej,1,קרית מוצקין,QIRYAT MOZKIN,,,קריית מוצקין,קריית מוצקין,
R_7UvUhjOaBQWiQUN,1,נשר,NESHER,,,נשר,נשר,
R_1kM71qt8v9kvgut,1,חיפה,HAIFA,,,חיפה,חיפה,
R_SBpEVGyMrAFDAGd,1,קרית מוצקין,QIRYAT MOZKIN,,,קריית מוצקין,קריית מוצקין,
R_3O0xq4Z1a4AzGao,1,חיפה,HAIFA,,,חיפה,חיפה,
R_1GDBGhfnFxvZpGM,1,חיפה,HAIFA,,,חיפה,חיפה,
R_21oIRQLNzBFS2nS,1,אחר (מפרץ חיפה),OTHER (HAIFA BAY),,,חיפה,חיפה,
R_1laZMT2pPW42p7y,1,חיפה,HAIFA,,,חיפה,חיפה,
R_27kbxYqpyLINAbg,1,נשר,NESHER,,,נשר,נשר,
R_3CLuvbLPaEoL517,1,קרית מוצקין,QIRYAT MOZKIN,,,קריית מוצקין,קריית מוצקין,
R_22PvL6boYE3DtjE,1,חיפה,HAIFA,,,חיפה,חיפה,
R_2TWSdJFiy4V5lN8,1,חיפה,HAIFA,,,חיפה,חיפה,
R_3nGzyLlT0Q9aS0v,1,חיפה,HAIFA,,,חיפה,חיפה,
R_3oEJum5WebnnP0f,1,חיפה,HAIFA,,,חיפה,חיפה,
R_2TFpT5v9qMaSCXH,1,נשר,NESHER,,,נשר,נשר,
R_2QAJVYP5UoqMAz0,1,קרית אתא,QIRYAT ATA,,,קריית אתא,קריית אתא,
R_1q95aZQ8AFa2fGJ,1,חיפה,HAIFA,,,חיפה,חיפה,
R_2ClTTCxBtVBXyKN,1,חיפה,HAIFA,,,חיפה,חיפה,
R_cvGHhAfl7r7o5fr,1,קרית אתא,QIRYAT ATA,,,קריית אתא,קריית אתא,
R_2r8OaiD4YmakMut,1,חיפה,HAIFA,,,חיפה,חיפה,
R_2bVqwkPvoXALaHM,1,קרית חיים,QIRYAT HAIM,,,חיפה,חיפה,
R_3kiE2O9fZaqdqB8,1,חיפה,HAIFA,,,חיפה,חיפה,
R_um4eW3TMLqqNUg9,1,אחר (שפלה),OTHER,,,חיפה,חיפה,
R_2B8NtgmpRBC6yI1,1,קרית אתא,QIRYAT ATA,,,קריית אתא,קריית אתא,
R_2YM3puLcve3t0kU,1,חיפה,HAIFA,,,חיפה,חיפה,
R_1hydL5hbZ291l7w,1,חיפה,HAIFA,,,חיפה,חיפה,
R_3EMXWYxXnQoa0et,1,קרית אתא,QIRYAT ATA,,,קריית אתא,קריית אתא,
R_1Ok5c5NJjnZ4XHj,1,חיפה,HAIFA,,,חיפה,חיפה,
R_3n7bjxzvDyRMXen,1,חיפה,HAIFA,,,חיפה,חיפה,
R_1DG2cgUkKwfyClg,1,חיפה,HAIFA,,,חיפה,חיפה,
R_Rri0OZfJkPkYl6p,1,קרית חיים,QIRYAT HAIM,,,קריית ים,קריית ים,
R_ZKX2HibJWtovPI5,1,קרית מוצקין,QIRYAT MOZKIN,,,קריית מוצקין,קריית מוצקין,
R_2ALNJywGYDonneY,1,חיפה,HAIFA,,,חיפה,חיפה,
R_3L0S8W9COboKktR,1,חיפה,HAIFA,,,חיפה,חיפה,
R_5aNQT0QRX10CW6l,1,חיפה,HAIFA,,,חיפה,חיפה,
R_3pgJNsZSq7tfY58,1,חיפה,HAIFA,,,חיפה,חיפה,
R_2EbIkQUlPdtwcVj,1,חיפה,HAIFA,,,קריית אתא,קריית אתא,
R_1NzbBR4OXNbKhIw,1,קרית ביאליק,QIRYAT BIALIK,,,קריית ביאליק,קריית ביאליק,
R_3DSXQIsQBJQ6Nc5,1,קרית ביאליק,QIRYAT BIALIK,,,קריית ביאליק,קריית ביאליק,
R_0qhFV2Q6WUfx0oF,1,קרית מוצקין,QIRYAT MOZKIN,,,קריית מוצקין,קריית מוצקין,
R_vOfBAgyiGrcY9dn,1,קרית ביאליק,QIRYAT BIALIK,,,קריית ביאליק,קריית ביאליק,
